Workbook

Sheet How to Use
B2: WORKLOAD AND STORAGE CALCULATOR — HOW TO USE
B3: Azure Local / Storage Spaces Direct — Capacity Planning Tool
B5: This workbook helps you plan storage for an Azure Local cluster using Storage Spaces Direct (S2D). Enter your hardware specs and planned workloads — the calculator tells you how much usable storage you get and whether everything fits. You do NOT need to be a storage expert.
B7: QUICK START — 3 STEPS
C8: STEP 1 | D8: Go to 'Hardware Inputs'. Use the DROPDOWN MENUS to enter: node count, drive type, drives per node, and drive size. The calculator IMMEDIATELY shows your available storage in a big green number.
C9: STEP 2 | D9: Go to 'Workload Planner'. Choose your scenarios: AKS, Infrastructure VMs, Dev/Test, Backup, or Custom. For AVD, go to the 'AVD Planning' tab — all AVD inputs live there. Running counter shows remaining capacity.
C10: STEP 3 | D10: Review 'Capacity Report' and 'Volume Detail'. Print or share these with your team or customer. The report explains all the numbers and includes key concepts if anyone asks questions.
B12: COLOR GUIDE
C13: Blue on Yellow | D13: YOUR INPUT — only cells you edit. All have dropdowns or accept numbers.
C14: Green | D14: GOOD NEWS — available capacity, passing checks. Bigger green number = better.
C15: Blue on Light Blue | D15: CALCULATED — auto-calculated values. Do not edit.
C16: Red / Pink | D16: WARNING — footprint numbers, overcommit alerts, capacity exceeded.
C17: Orange | D17: CAUTION — reserve capacity, infrastructure overhead.
C18: Gray | D18: LABELS — descriptions explaining what each row means.
B20: TABS IN THIS WORKBOOK
C21: 1. Hardware Inputs | D21: WHERE YOU START. Enter cluster hardware with dropdowns. See your available capacity instantly. Shows TB vs TiB conversion for Windows Admin Center. Includes N+1 compute reminder.
C22: 2. Workload Planner | D22: WHERE YOU PLAN VOLUMES. Scenario-based: AVD summary (linked from AVD Planning), AKS (clusters + worker nodes + PVs + data services), Infrastructure VMs, Dev/Test, Backup/Archive, Custom. Enable/disable each scenario. Running capacity counter. Compute summary tracks vCPU AND RAM demand per scenario with N+1 failover checks. Overcommit sensitivity table covers all scenarios.
C23: 3. AVD Planning | D23: SINGLE SOURCE FOR ALL AVD. Enter ALL session host, profile, and compute settings here. Density matrix, host pool scale-out, FSLogix profile estimator, network bandwidth, gold image sizing, readiness checklist. All downstream tabs pull from this tab.
C24: 4. SOFS Planner | D24: SEPARATE SOFS CLUSTER SIZING. Hardware inputs, S2D pool calculation, FSLogix demand linked from Workload Planner (which pulls from AVD Planning), IOPS estimates, SOFS VM compute demand, readiness checklist. Use when profile storage is on a dedicated file server cluster.
C25: 5. Volume Detail | D25: PER-VOLUME TABLE. Name, resiliency, efficiency, logical size, footprint, usable capacity. PASS/FAIL check. Includes SOFS VM volumes.
C26: 6. Capacity Report | D26: WHAT YOU SHARE. Executive summary, capacity term glossary, reserve explanation, drive sizing advisory, N+1 compute reminder. Print this for project documentation.
C27: 7. Compute Report | D27: COMPUTE ANALYSIS. CPU and RAM capacity vs demand by scenario (including SOFS VMs). N+1 failover analysis, session host sizing, vCPU overcommit sensitivity table. All formula-linked to Hardware Inputs and Workload Planner.
C28: 8. Final Report | D28: ONE-PAGE SUMMARY. Hardware config, capacity allocation, scenario breakdown, volume creation table (TB + TiB), PowerShell commands, drive layout insight, compute analysis, best practice checks. All formula-linked — prints or shares as a snapshot.
C29: 9. Drive Layout Comparison | D29: WHAT-IF TOOL. Same total raw capacity, different drive counts per node. Shows how using more, smaller drives reduces reserve and increases available capacity. All formulas linked to Hardware Inputs — updates automatically.
C30: 10. Thin Provisioning | D30: READ IF CONSIDERING THIN. Risks, when acceptable, monitoring commands, best practices checklist.
C31: 11. References | D31: DOCUMENTATION LINKS. Microsoft Learn pages covering S2D, Azure Local, compute sizing, AVD, AKS, SOFS, and FSLogix topics.
C32: 12. Advanced Settings | D32: ADMIN ONLY. Capacity efficiency factor, infrastructure volume size, TB-to-TiB reference table. Override section for Workload Planner and SOFS Planner calculated fields. Also contains the CELL PROTECTION OVERRIDE switch.
B33: COMMON QUESTIONS
C34: Why does Windows show different numbers? | D34: Calculator uses TB (decimal). Windows uses TiB (binary). 1 TB = 0.909 TiB. Both are correct. Row 26 on Hardware Inputs shows TiB equivalent.
C35: Why is so much capacity 'lost'? | D35: Three-way mirror = 3 copies = 33% efficiency. This is WHY data survives 2 failures. Two-way = 50%. Dual Parity = 50-80% at 4+ nodes.
C36: Why can't I use all my pool? | D36: Three deductions: Drive overhead (~8%), Reserve (~1 drive/node for auto-repair), Infrastructure volume (~250 GB for Azure Local system).
C37: What if workloads don't fit? | D37: Options: fewer VMs, Two-Way instead of Three-Way where OK, more/smaller drives (see Drive Layout Comparison tab), more nodes, Dual Parity for archives.
C38: Should I use thin provisioning? | D38: Production: NO, use Fixed. Thin risks pool exhaustion = VMs crash. OK for dev/test and FSLogix with monitoring. See Thin Provisioning tab.
C39: NVMe+SSD vs All-NVMe? | D39: NVMe+SSD: NVMe becomes CACHE (not capacity). Only SSD counts. All-NVMe: all drives are capacity. Most common for new Azure Local deployments.
C40: Can I add drives/nodes later? | D40: Yes. New drives auto-join pool. Adding 3rd node unlocks three-way mirror. But sizing correctly upfront is simpler than expanding later.
C41: What does N+1 compute mean? | D41: Size VMs to fit on N-1 nodes. If 1 node goes down, all VMs must failover to remaining nodes. This is CPU/RAM, separate from storage.
B43: TIPS
B44: 1. | C44: Start with Hardware Inputs before planning workloads. Know what you have before planning what to put on it.
B45: 2. | C45: Use dropdown menus — don't type resiliency types manually. Typos break formulas.
B46: 3. | C46: Include ALL disks when estimating VM sizes (OS + data disks). Typical Windows Server = 80 GB OS + 100 GB data = 180 GB.
B47: 4. | C47: For FSLogix, start at 5 GB/user if no data. Measure after 30 days and adjust.
B48: 5. | C48: Keep pool utilization below 70%. Above 70% = limited rebuild headroom. Above 90% = danger zone.
B49: 6. | C49: Consider Dual Parity for backup/archive on 4+ node clusters: 50-80% efficiency vs 33% for three-way mirror.
B50: 7. | C50: Print the Capacity Report tab for project documentation.
B51: 8. | C51: This calculator uses TB. Windows uses TiB. Numbers WILL look different. Both are correct.

Sheet Hardware Inputs
B2: WORKLOAD AND STORAGE CALCULATOR — Azure Local
B3: Cluster Hardware Configuration
B5: INSTRUCTIONS: Enter values in BLUE cells (dropdowns provided). Everything else auto-calculates.
B7: STEP 1: ENTER YOUR CLUSTER HARDWARE
B8: Number of Cluster Nodes (Servers) | C8: 3 | D8: Select 1-16 | E8: Physical servers in the Azure Local cluster.
B9: Drive Media Configuration | C9: All-NVMe (No Cache) | D9: Select type | E9: All-NVMe: all drives are capacity. NVMe+SSD: NVMe is CACHE only.
B10: Capacity Drives per Node | C10: 4 | D10: Minimum: 2 | E10: Drives per node used for CAPACITY. Min 4 drives or more recommended
B11: Size of Each Capacity Drive (TB) | C11: 3.84 | D11: e.g. 1.6, 3.2, 7.68 | E11: Vendor-advertised drive size in TB.
B12: Cache Drives per Node (NVMe+SSD only) | C12: 0 | D12: Only if NVMe+SSD | E12: NVMe cache drives per node. These do NOT add capacity.
B13: Default Volume Provisioning | C13: Fixed (Thick) | D13: Select type | E13: RECOMMENDED: Fixed. See Thin Provisioning tab for risks.
B15: STEP 2: YOUR AVAILABLE STORAGE (Auto-Calculated)
B16: Total Capacity Drives | C16: =C8*C10 -> 12 | D16: drives | E16: Nodes x Capacity Drives (excludes cache)
B17: Cache Drives (if applicable) | C17: =IF(C9="NVMe + SSD (NVMe is Cache)",C8*C12,0) -> 0 | D17: drives | E17: Cache drives do NOT count toward capacity.
B18: Total Raw Capacity (Advertised) | C18: =C16*C11 -> 46.08 | D18: TB | E18: Capacity Drives x Drive Size.
B19: Usable Capacity per Drive | C19: =C11*'Advanced Settings'!C8 -> 3.5328 | D19: TB | E19: After NVMe overhead (~8%). See Advanced Settings tab.
B20: Total Usable Pool (Before Reserve) | C20: =C16*C19 -> 42.3936 | D20: TB | E20: All capacity drives pooled after overhead.
B21: Reserve (drive failure repair) | C21: =MIN(C8,4)*C19 -> 10.5984 | D21: TB | E21: 1 drive per node (max 4) for auto-repair.
B22: Infrastructure Volume (Azure Local) | C22: ='Advanced Settings'!C14 -> 0.75 | D22: TB footprint | E22: System volume created during deployment (~250 GB).
B24: YOUR AVAILABLE CAPACITY FOR VOLUMES | C24: =C20-C21-C22 -> 31.0452 | D24: TB | E24: Pool minus reserve minus infra = what you can use.
B26: What Windows Admin Center shows (TiB): | C26: =ROUND(C24*1000/1024,2) -> 30.32 | D26: TiB (approx) | E26: Windows uses TiB (binary). 1 TB = ~0.909 TiB. Numbers WILL differ.
B28: STEP 3: CLUSTER COMPUTE HARDWARE
B29: Physical CPU Cores per Node | C29: 32 | D29: cores | E29: Physical cores per server (check CPU spec).
B30: Hyperthreading (SMT) Enabled? | C30: Yes | D30: Yes/No | E30: If Yes, logical cores = physical × 2.
B31: RAM per Node (GB) | C31: 256 | D31: GB | E31: Total physical RAM per node.
B32: Host OS / Management Reserved RAM (GB) | C32: 32 | D32: GB | E32: Reserved for Hyper-V host OS, agents, S2D. Typical: 16-32 GB.
B34: COMPUTE CAPACITY (Auto-Calculated)
B35: Logical vCPU per Node | C35: =IF(C30="Yes",C29*2,C29) -> 64 | D35: vCPU | E35: Logical cores available per node for VMs.
B36: Usable RAM per Node (GB) | C36: =C31-C32 -> 224 | D36: GB | E36: RAM minus host OS reservation.
B37: Total Cluster vCPU (all nodes) | C37: =C35*C8 -> 192 | D37: vCPU | E37: All nodes combined.
B38: Total Cluster Usable RAM (all nodes) | C38: =C36*C8 -> 672 | D38: GB | E38: All usable RAM across cluster.
B39: N+1 Available vCPU (1 node down) | C39: =C35*(C8-1) -> 128 | D39: vCPU | E39: With 1 node down for maintenance/failover.
B40: N+1 Available RAM (1 node down) | C40: =C36*(C8-1) -> 448 | D40: GB | E40: RAM capacity with 1 node down.
B42: RESILIENCY REFERENCE
B43: Type | C43: Efficiency | D43: Min Nodes | E43: Fault Tolerance
B44: Two-Way Mirror | C44: 50.0% | D44: 2 | E44: 1 failure
B45: Three-Way Mirror | C45: 33.3% | D45: 3 | E45: 2 failures
B46: Dual Parity (4-6) | C46: 50.0% | D46: 4 | E46: 2 failures
B47: Dual Parity (7-8) | C47: 66.7% | D47: 7 | E47: 2 failures
B48: Dual Parity (9-15 flash) | C48: 75.0% | D48: 9 | E48: 2 failures
B49: Dual Parity (16 flash) | C49: 80.0% | D49: 16 | E49: 2 failures
B50: Nested Two-Way | C50: 25.0% | D50: 2 | E50: 1 server+1 drive

Sheet Workload Planner
B2: SCENARIO-BASED WORKLOAD PLANNER
B3: Plan storage by workload type — AVD, AKS, Infrastructure, Dev/Test, and more
B5: AVAILABLE POOL CAPACITY: | C5: ='Hardware Inputs'!C24 -> 31.0452 | D5: TB | E5: ='Hardware Inputs'!C24 -> 31.0452
B7: SCENARIO 1: AVD DEPLOYMENT
B8: Enable AVD scenario? | C8: ='AVD Planning'!C6 -> No | F8: Linked from AVD Planning tab.
B9: ➡ All AVD inputs have moved to the AVD Planning tab. | F9: Click AVD Planning tab for all session host, profile, and compute inputs.
B10: Number of AVD session host VMs | C10: ='AVD Planning'!C9 -> 32 | D10: VMs
B11: OS disk per host (GB) | C11: ='AVD Planning'!C10 -> 127 | D11: GB
B12: Data/temp disk per host (GB) | C12: ='AVD Planning'!C11 -> 50 | D12: GB
B13: Host resiliency type | C13: ='AVD Planning'!C12 -> Two-Way Mirror | D13: ='AVD Planning'!D12 -> 50% eff.
B14: Session host volume (logical) | C14: ='AVD Planning'!C13 -> 0 | D14: TB
B15: Session host footprint in pool | C15: ='AVD Planning'!C14 -> 0 | D15: TB
B16: FSLogix Profiles — Summary
B17: Profile storage location | C17: ='AVD Planning'!C17 -> S2D Volume (local)
B18: Total AVD users | C18: ='AVD Planning'!C18 -> 1300 | D18: users
B19: Concurrent users | C19: ='AVD Planning'!C19 -> 300 | D19: users
B20: Profile size per user (GB) | C20: ='AVD Planning'!C20 -> 5 | D20: GB
B21: Growth buffer | C21: ='AVD Planning'!C21 -> 0.3 | D21: overhead
B22: Profile resiliency type | C22: ='AVD Planning'!C22 -> Three-Way Mirror | D22: ='AVD Planning'!D22 -> 33% eff.
B23: Profile volume (logical) | C23: ='AVD Planning'!C23 -> 0 | D23: TB
B24: Profile footprint in pool | C24: ='AVD Planning'!C24 -> 0 | D24: TB
B25: AVD TOTAL FOOTPRINT | C25: ='AVD Planning'!C25 -> 0 | D25: TB
B26: AVD Compute Summary
B27: vCPU per session host | C27: ='AVD Planning'!C28 -> 8 | D27: vCPU
B28: RAM per session host (GB) | C28: ='AVD Planning'!C29 -> 32 | D28: GB
B29: vCPU overcommit ratio | C29: ='AVD Planning'!C30 -> 4:1 | D29: ratio
B30: vCPU per user | C30: ='AVD Planning'!C31 -> 2 | D30: vCPU
B31: RAM per user (GB) | C31: ='AVD Planning'!C32 -> 4 | D31: GB
B32: Users per session host (max) | C32: ='AVD Planning'!C33 -> 0 | D32: users/host
B33: Session hosts needed | C33: ='AVD Planning'!C34 -> 0 | D33: VMs
B34: Session host VM check | C34: ='AVD Planning'!C35
B35: Total AVD vCPU demand | C35: ='AVD Planning'!C36 -> 0 | D35: vCPU
B36: Total AVD RAM demand (GB) | C36: ='AVD Planning'!C37 -> 0 | D36: GB
B37: Effective vCPU (with overcommit) | C37: ='AVD Planning'!C38 -> 0 | D37: vCPU
B43: SCENARIO 2: AKS ON AZURE LOCAL
B44: Enable AKS scenario? | C44: No | F44: Set to No to skip this scenario.
B45: AKS Cluster VMs
B46: Number of AKS clusters | C46: 1 | D46: clusters | F46: AKS Arc clusters on this Azure Local instance.
B47: Control plane nodes (total across clusters) | C47: 1 | D47: nodes | F47: Typically 1 or 3 per cluster (HA = 3).
B48: Worker nodes (total across clusters) | C48: 3 | D48: nodes | F48: All worker nodes across all node pools.
B49: OS disk per node (GB) | C49: 200 | D49: GB | F49: Default: 200 GB (Azure Local 2509+).
B50: Persistent Volumes & Data Services
B51: Persistent volume storage estimate (TB) | C51: 0 | D51: TB | F51: Total PVC storage for apps. Varies by workload.
B52: Data services storage estimate (TB) | C52: 0 | D52: TB | F52: SQL MI, PostgreSQL, etc. via Arc Data Services.
B53: AKS resiliency type | C53: Three-Way Mirror | D53: =CONCATENATE(TEXT(IF(C53="Three-Way Mirror",1/3,IF(C53="Two-Way Mirror",0.5,IF(C53="Dual Parity",IF('Hardware Inputs'!C8>=16,0.8,IF('Hardware Inputs'!C8>=9,0.75,IF('Hardware Inputs'!C8>=7,2/3,0.5))),IF(C53="Nested Two-Way Mirror",0.25,1/3)))),"0%")," eff.") -> 33% eff.
B54: AKS volume (logical) | C54: =IF($C$44="No",0,ROUND(((C47+C48)*C49/1024)+C51+C52,2)) -> 0 | D54: TB | F54: =IF(C54>64,"WARNING: Exceeds 64 TB max volume size!","")
B55: AKS TOTAL FOOTPRINT | C55: =IF(C54=0,0,ROUND(C54/IF(C53="Three-Way Mirror",1/3,IF(C53="Two-Way Mirror",0.5,IF(C53="Dual Parity",IF('Hardware Inputs'!C8>=16,0.8,IF('Hardware Inputs'!C8>=9,0.75,IF('Hardware Inputs'!C8>=7,2/3,0.5))),IF(C53="Nested Two-Way Mirror",0.25,1/3)))),2)) -> 0 | D55: TB | F55: Node VMs + PVs + Data Services combined.
B56: AKS Compute Planning
B57: vCPU per control plane node | C57: 4 | D57: vCPU | F57: Default AKS control plane: 4 vCPU.
B58: RAM per control plane node (GB) | C58: 16 | D58: GB | F58: Default AKS control plane: 16 GB.
B59: vCPU per worker node | C59: 8 | D59: vCPU | F59: Size based on workload. Typical: 4-16 vCPU.
B60: RAM per worker node (GB) | C60: 32 | D60: GB | F60: Size based on workload. Typical: 16-64 GB.
B61: vCPU overcommit ratio | C61: 4:1 | D61: ratio | F61: vCPU overcommit. 1:1 = no overcommit. 4:1 = standard.
B62: Total AKS vCPU demand | C62: =IF(C44="No",0,(C47*C57)+(C48*C59)) -> 0 | D62: vCPU | F62: Control plane + worker node vCPU.
B63: Effective AKS vCPU (with overcommit) | C63: =IF(C44="No",0,ROUND(((C47*C57)+(C48*C59))/IF(C61="1:1",1,IF(C61="2:1",2,IF(C61="3:1",3,IF(C61="4:1",4,1)))),0)) -> 0 | D63: vCPU | F63: Physical cores needed after vCPU overcommit.
B65: SCENARIO 3: INFRASTRUCTURE VMs
B66: Enable Infrastructure VMs? | C66: No | F66: DCs, SQL, file servers, management VMs, etc.
B67: Number of infrastructure VMs | C67: 0 | D67: VMs | F67: Total infra VMs (all roles combined).
B68: Average total disk per VM (GB) | C68: 200 | D68: GB | F68: OS + data disks combined. Typical: 150-300 GB.
B69: Infrastructure resiliency type | C69: Three-Way Mirror | D69: =CONCATENATE(TEXT(IF(C69="Three-Way Mirror",1/3,IF(C69="Two-Way Mirror",0.5,IF(C69="Dual Parity",IF('Hardware Inputs'!C8>=16,0.8,IF('Hardware Inputs'!C8>=9,0.75,IF('Hardware Inputs'!C8>=7,2/3,0.5))),IF(C69="Nested Two-Way Mirror",0.25,1/3)))),"0%")," eff.") -> 33% eff.
B70: Infra volume (logical) | C70: =IF($C$66="No",0,IF(C67=0,0,ROUND(C67*C68/1024,2))) -> 0 | D70: TB | F70: =IF(C70>64,"WARNING: Exceeds 64 TB max volume size!","")
B71: INFRA TOTAL FOOTPRINT | C71: =IF(C70=0,0,ROUND(C70/IF(C69="Three-Way Mirror",1/3,IF(C69="Two-Way Mirror",0.5,IF(C69="Dual Parity",IF('Hardware Inputs'!C8>=16,0.8,IF('Hardware Inputs'!C8>=9,0.75,IF('Hardware Inputs'!C8>=7,2/3,0.5))),IF(C69="Nested Two-Way Mirror",0.25,1/3)))),2)) -> 0 | D71: TB | F71: Logical / efficiency = pool space consumed.
B72: Infrastructure Compute Planning
B73: Average vCPU per VM | C73: 4 | D73: vCPU | F73: Average across all infrastructure VMs.
B74: Average RAM per VM (GB) | C74: 16 | D74: GB | F74: Average RAM per infra VM.
B75: vCPU overcommit ratio | C75: 4:1 | D75: ratio | F75: vCPU overcommit. 1:1 = no overcommit. 4:1 = standard.
B76: Total Infra vCPU demand | C76: =IF(C66="No",0,C67*C73) -> 0 | D76: vCPU | F76: VMs × vCPU per VM.
B77: Effective Infra vCPU (with overcommit) | C77: =IF(C66="No",0,ROUND((C67*C73)/IF(C75="1:1",1,IF(C75="2:1",2,IF(C75="3:1",3,IF(C75="4:1",4,1)))),0)) -> 0 | D77: vCPU | F77: Physical cores needed after vCPU overcommit.
B82: SCENARIO 4: DEV/TEST VMs
B83: Enable Dev/Test? | C83: No | F83: Set to No to skip this scenario.
B84: Number of dev/test VMs | C84: 0 | D84: VMs
B85: Average total disk per VM (GB) | C85: 120 | D85: GB
B86: Dev/Test resiliency type | C86: Two-Way Mirror | D86: =CONCATENATE(TEXT(IF(C86="Three-Way Mirror",1/3,IF(C86="Two-Way Mirror",0.5,IF(C86="Dual Parity",IF('Hardware Inputs'!C8>=16,0.8,IF('Hardware Inputs'!C8>=9,0.75,IF('Hardware Inputs'!C8>=7,2/3,0.5))),IF(C86="Nested Two-Way Mirror",0.25,1/3)))),"0%")," eff.") -> 50% eff.
B87: Dev/Test volume (logical) | C87: =IF($C$83="No",0,IF(C84=0,0,ROUND(C84*C85/1024,2))) -> 0 | D87: TB | F87: =IF(C87>64,"WARNING: Exceeds 64 TB max volume size!","")
B88: DEV/TEST TOTAL FOOTPRINT | C88: =IF(C87=0,0,ROUND(C87/IF(C86="Three-Way Mirror",1/3,IF(C86="Two-Way Mirror",0.5,IF(C86="Dual Parity",IF('Hardware Inputs'!C8>=16,0.8,IF('Hardware Inputs'!C8>=9,0.75,IF('Hardware Inputs'!C8>=7,2/3,0.5))),IF(C86="Nested Two-Way Mirror",0.25,1/3)))),2)) -> 0 | D88: TB
B89: Dev/Test Compute Planning
B90: Average vCPU per VM | C90: 2 | D90: vCPU | F90: Average across all dev/test VMs.
B91: Average RAM per VM (GB) | C91: 8 | D91: GB | F91: Average RAM per dev/test VM.
B92: vCPU overcommit ratio | C92: 4:1 | D92: ratio | F92: vCPU overcommit. 1:1 = no overcommit. 4:1 = standard.
B93: Total Dev/Test vCPU demand | C93: =IF(C83="No",0,C84*C90) -> 0 | D93: vCPU | F93: VMs × vCPU per VM.
B94: Effective Dev/Test vCPU (with overcommit) | C94: =IF(C83="No",0,ROUND((C84*C90)/IF(C92="1:1",1,IF(C92="2:1",2,IF(C92="3:1",3,IF(C92="4:1",4,1)))),0)) -> 0 | D94: vCPU | F94: Physical cores needed after vCPU overcommit.
B98: SCENARIO 5: BACKUP / ARCHIVE
B99: Enable Backup/Archive? | C99: No | F99: Set to No to skip this scenario.
B100: Backup volume size (TB) | C100: 3 | D100: TB
B101: Backup resiliency type | C101: Dual Parity | D101: =CONCATENATE(TEXT(IF(C101="Three-Way Mirror",1/3,IF(C101="Two-Way Mirror",0.5,IF(C101="Dual Parity",IF('Hardware Inputs'!C8>=16,0.8,IF('Hardware Inputs'!C8>=9,0.75,IF('Hardware Inputs'!C8>=7,2/3,0.5))),IF(C101="Nested Two-Way Mirror",0.25,1/3)))),"0%")," eff.") -> 50% eff.
B102: Backup volume (logical) | C102: =IF($C$99="No",0,C100) -> 0 | D102: TB
B103: BACKUP TOTAL FOOTPRINT | C103: =IF(C102=0,0,ROUND(C102/IF(C101="Three-Way Mirror",1/3,IF(C101="Two-Way Mirror",0.5,IF(C101="Dual Parity",IF('Hardware Inputs'!C8>=16,0.8,IF('Hardware Inputs'!C8>=9,0.75,IF('Hardware Inputs'!C8>=7,2/3,0.5))),IF(C101="Nested Two-Way Mirror",0.25,1/3)))),2)) -> 0 | D103: TB
B105: SCENARIO 6: CUSTOM (Optional)
B106: Enable Custom? | C106: No | F106: Set to No to skip this scenario.
B107: Exact volume size (TB) | C107: 0 | D107: TB | F107: Any other volume not covered above.
B108: Custom resiliency type | C108: Three-Way Mirror | D108: =CONCATENATE(TEXT(IF(C108="Three-Way Mirror",1/3,IF(C108="Two-Way Mirror",0.5,IF(C108="Dual Parity",IF('Hardware Inputs'!C8>=16,0.8,IF('Hardware Inputs'!C8>=9,0.75,IF('Hardware Inputs'!C8>=7,2/3,0.5))),IF(C108="Nested Two-Way Mirror",0.25,1/3)))),"0%")," eff.") -> 33% eff.
B109: Custom volume (logical) | C109: =IF($C$106="No",0,C107) -> 0 | D109: TB
B110: CUSTOM TOTAL FOOTPRINT | C110: =IF(C109=0,0,ROUND(C109/IF(C108="Three-Way Mirror",1/3,IF(C108="Two-Way Mirror",0.5,IF(C108="Dual Parity",IF('Hardware Inputs'!C8>=16,0.8,IF('Hardware Inputs'!C8>=9,0.75,IF('Hardware Inputs'!C8>=7,2/3,0.5))),IF(C108="Nested Two-Way Mirror",0.25,1/3)))),2)) -> 0 | D110: TB
B113: CAPACITY SUMMARY
B114: Available Pool Capacity | C114: ='Hardware Inputs'!C24 -> 31.0452 | D114: TB | F114: Total pool capacity for volumes.
B116: S1: AVD Session Hosts — Footprint | C116: =C15 -> 0 | D116: TB
B117: S1: AVD FSLogix Profiles — Footprint | C117: =C24 -> 0 | D117: TB
B118: S2: AKS on Azure Local — Footprint | C118: =C55 -> 0 | D118: TB
B119: S3: Infrastructure VMs — Footprint | C119: =C71 -> 0 | D119: TB
B120: S4: Dev/Test VMs — Footprint | C120: =C88 -> 0 | D120: TB
...

Sheet AVD Planning
B2: AVD PLANNING — SINGLE SOURCE FOR ALL AVD CONFIGURATION
B3: All AVD inputs are entered here. Workload Planner, Compute Report, Final Report, Volume Detail, and SOFS Planner all pull from this tab.
B5: SECTION 1: AVD SCENARIO INPUTS
B6: Enable AVD scenario? | C6: No | F6: Set to No to skip AVD entirely. All downstream tabs respect this flag.
B8: Session Hosts — Storage
B9: Number of AVD session host VMs | C9: 32 | D9: VMs | F9: Total session host VMs across all host pools.
B10: OS disk per host (GB) | C10: 127 | D10: GB | F10: Typical: 127 GB (Windows 11 multi-session).
B11: Data/temp disk per host (GB) | C11: 50 | D11: GB | F11: Additional data disks. Set to 0 if none.
B12: Host resiliency type | C12: Two-Way Mirror | D12: =CONCATENATE(TEXT(IF(C12="Three-Way Mirror",1/3,IF(C12="Two-Way Mirror",0.5,IF(C12="Dual Parity",IF('Hardware Inputs'!C8>=16,0.8,IF('Hardware Inputs'!C8>=9,0.75,IF('Hardware Inputs'!C8>=7,2/3,0.5))),IF(C12="Nested Two-Way Mirror",0.25,1/3)))),"0%")," eff.") -> 50% eff. | F12: =IF(C12=IF('Hardware Inputs'!C8>=3,"Three-Way Mirror","Two-Way Mirror"),"","Note: "&'Hardware Inputs'!C8&"-node cluster default = "&IF('Hardware Inputs'!C8>=3,"Three-Way Mirror","Two-Way Mirror")) -> Note: 3-node cluster default = Three-Way Mirror
B13: Session host volume (logical) | C13: =IF($C$6="No",0,IF(C9=0,0,ROUND(C9*(C10+C11)/1024,2))) -> 0 | D13: TB | F13: =IF(C13>64,"WARNING: Exceeds 64 TB max volume size!","")
B14: Session host footprint in pool | C14: =IF(C13=0,0,ROUND(C13/IF(C12="Three-Way Mirror",1/3,IF(C12="Two-Way Mirror",0.5,IF(C12="Dual Parity",IF('Hardware Inputs'!C8>=16,0.8,IF('Hardware Inputs'!C8>=9,0.75,IF('Hardware Inputs'!C8>=7,2/3,0.5))),IF(C12="Nested Two-Way Mirror",0.25,1/3)))),2)) -> 0 | D14: TB | F14: Logical / efficiency = pool space consumed.
B16: FSLogix Profiles — Storage
B17: Profile storage location | C17: S2D Volume (local) | F17: S2D = local cluster volume. SOFS = dedicated file server (see SOFS Planner). External/Azure = 0 pool footprint.
B18: Total AVD users | C18: 1300 | D18: users | F18: All users who have a profile container.
B19: Concurrent (connected) users | C19: 300 | D19: users | F19: Peak concurrent sessions.
B20: Profile container size per user (GB) | C20: 5 | D20: GB | F20: Start at 5 GB if unknown. Measure after 30 days. See Section 3 estimator below.
B21: Growth buffer (%) | C21: 0.3 | D21: overhead | F21: Buffer for growth. 20-50% recommended.
B22: Profile resiliency type | C22: Three-Way Mirror | D22: =IF(C17<>"S2D Volume (local)","n/a",CONCATENATE(TEXT(IF(C22="Three-Way Mirror",1/3,IF(C22="Two-Way Mirror",0.5,IF(C22="Dual Parity",IF('Hardware Inputs'!C8>=16,0.8,IF('Hardware Inputs'!C8>=9,0.75,IF('Hardware Inputs'!C8>=7,2/3,0.5))),IF(C22="Nested Two-Way Mirror",0.25,1/3)))),"0%")," eff.")) -> 33% eff.
B23: Profile volume (logical) | C23: =IF($C$6="No",0,IF(C18=0,0,ROUND((C18*C20*(1+C21))/1024,2))) -> 0 | D23: TB | F23: =IF(C23>64,"WARNING: Exceeds 64 TB max volume size!","")
B24: Profile footprint in pool | C24: =IF(OR($C$6="No",C17<>"S2D Volume (local)"),0,IF(C23=0,0,ROUND(C23/IF(C22="Three-Way Mirror",1/3,IF(C22="Two-Way Mirror",0.5,IF(C22="Dual Parity",IF('Hardware Inputs'!C8>=16,0.8,IF('Hardware Inputs'!C8>=9,0.75,IF('Hardware Inputs'!C8>=7,2/3,0.5))),IF(C22="Nested Two-Way Mirror",0.25,1/3)))),2))) -> 0 | D24: TB | F24: If profiles on external/cloud storage, footprint = 0 in pool.
B25: AVD TOTAL STORAGE FOOTPRINT | C25: =C14+C24 -> 0 | D25: TB
B27: AVD Compute Planning
B28: vCPU per session host VM | C28: 8 | D28: vCPU | F28: Typical: 4-8 vCPU per session host. Size per VM SKU.
B29: RAM per session host VM (GB) | C29: 32 | D29: GB | F29: Typical: 16-32 GB per session host VM.
B30: vCPU overcommit ratio | C30: 4:1 | D30: ratio | F30: vCPU overcommit. 1:1 = no overcommit. 4:1 = 4 vCPU share 1 physical core. Hyper-V supports vCPU overcommit; memory cannot be overcommitted.
B31: vCPU per user | C31: 2 | D31: vCPU | F31: Allocation per concurrent user. Light=1, Medium=2, Power=4.
B32: RAM per user (GB) | C32: 4 | D32: GB | F32: Physical RAM per user. Light=2, Medium=4, Power=8 GB.
B33: Users per session host (max) | C33: =IF($C$6="No",0,MIN(INT(C28/C31),INT(C29/C32))) -> 0 | D33: users/host | F33: Min of vCPU and RAM constraints per host.
B34: Session hosts needed (for concurrent users) | C34: =IF($C$6="No",0,IF(C33=0,0,ROUNDUP(C19/C33,0))) -> 0 | D34: VMs | F34: Concurrent users ÷ users per host (rounded up).
B35: Session host VM check | C35: =IF($C$6="No","",IF(C9>=C34,"✓ PASS — "&C9&" VMs ≥ "&C34&" needed","✗ FAIL — Need "&C34&" VMs but only "&C9&" configured"))
B36: Total AVD vCPU demand | C36: =IF($C$6="No",0,C9*C28) -> 0 | D36: vCPU | F36: Session host VMs × vCPU per host.
B37: Total AVD RAM demand (GB) | C37: =IF($C$6="No",0,C9*C29) -> 0 | D37: GB | F37: Total physical RAM needed. Hyper-V reserves full RAM per VM (no overcommit).
B38: Effective vCPU (with overcommit) | C38: =IF($C$6="No",0,ROUND(C36/IF(C30="1:1",1,IF(C30="2:1",2,IF(C30="3:1",3,IF(C30="4:1",4,1)))),0)) -> 0 | D38: vCPU | F38: Physical cores needed after vCPU overcommit ratio applied.
B40: AVD Compute Fit Check
B41: vCPU fit (all nodes, with overcommit) | C41: =IF($C$6="No","",IF(C38<='Hardware Inputs'!C37,"✓ PASS — "&C38&" of "&'Hardware Inputs'!C37&" vCPU ("&ROUND(C38/'Hardware Inputs'!C37*100,0)&"%)","✗ FAIL — Need "&C38&" but only "&'Hardware Inputs'!C37&" available")) | F41: AVD effective vCPU (after overcommit) vs total cluster vCPU.
B42: RAM fit (all nodes) | C42: =IF($C$6="No","",IF(C37<='Hardware Inputs'!C38,"✓ PASS — "&C37&" of "&'Hardware Inputs'!C38&" GB ("&ROUND(C37/'Hardware Inputs'!C38*100,0)&"%)","✗ FAIL — Need "&C37&" GB but only "&'Hardware Inputs'!C38&" GB available")) | F42: AVD total RAM vs cluster RAM. Full reservation required (no overcommit).
B43: N+1 vCPU fit (with overcommit) | C43: =IF($C$6="No","",IF(C38<='Hardware Inputs'!C39,"✓ PASS — "&C38&" of "&'Hardware Inputs'!C39&" vCPU ("&ROUND(C38/'Hardware Inputs'!C39*100,0)&"%)","⚠ WARNING — Need "&C38&" but N+1 only has "&'Hardware Inputs'!C39&" vCPU")) | F43: Effective vCPU with 1 node down (patching/failover).
B44: N+1 RAM fit (1 node down) | C44: =IF($C$6="No","",IF(C37<='Hardware Inputs'!C40,"✓ PASS — "&C37&" of "&'Hardware Inputs'!C40&" GB ("&ROUND(C37/'Hardware Inputs'!C40*100,0)&"%)","⚠ WARNING — Need "&C37&" GB but N+1 only has "&'Hardware Inputs'!C40&" GB")) | F44: RAM with 1 node down. Full reservation (no overcommit).
B46: SECTION 2: SESSION HOST DENSITY MATRIX
B47: Shows maximum users per host at different vCPU/user ratios, using your inputs above.
B49: Effective vCPU per host (after overcommit) | C49: =C28*VALUE(LEFT(C30,FIND(":",C30)-1)) -> 32 | D49: vCPU
B51: Max Users Per Host | C51: CPU-limited | D51: RAM-limited | E51: Binding Constraint
B52: At your current settings | C52: =INT(C49/C31) -> 16 | D52: =INT(C29/C32) -> 8 | E52: =IF(C52<=D52,"CPU","RAM") -> RAM
B54: Sensitivity: vCPU / User → | C54: 2 | D54: 4 | E54: 6 | F54: 8
B55: Max users (CPU-limited) | C55: =INT($C$49/C54) -> 16 | D55: =INT($C$49/D54) -> 8 | E55: =INT($C$49/E54) -> 5 | F55: =INT($C$49/F54) -> 4
B56: Max users (RAM-limited @ your RAM/user) | C56: =INT($C$29/$C$32) -> 8 | D56: =$C$56 -> 8 | E56: =$C$56 -> 8 | F56: =$C$56 -> 8
B57: Effective max (lower of CPU/RAM) | C57: =MIN(C55,C56) -> 8 | D57: =MIN(D55,D56) -> 8 | E57: =MIN(E55,E56) -> 5 | F57: =MIN(F55,F56) -> 4
B59: SECTION 3: HOST POOL SCALE-OUT
B60: How many session hosts you need for your concurrent user target.
B62: Pool Planning | C62: Value | D62: Notes
B63: Total registered users | C63: =C18 -> 1300 | D63: From inputs above
B64: Concurrent users (peak) | C64: =C19 -> 300 | D64: From inputs above
B65: Concurrency ratio | C65: =IF(C63>0,C64/C63,0) -> 0.23076923 | D65: = concurrent ÷ registered
B66: Users per host (at your settings) | C66: =C33 -> 0 | D66: From Section 2 matrix
B68: Session hosts needed (concurrent) | C68: =IF(C66>0,ROUNDUP(C64/C66,0),0) -> 0 | D68: = ⌈ concurrent ÷ users/host ⌉
B69: +1 host for N+1 redundancy | C69: =C68+1 -> 1 | D69: Best practice: N+1 per pool
B70: Matches configured VM count? | C70: =IF(C69<=C9,"✅ Yes (≤"&C9&" VMs)","❌ No — need "&C69&" but only "&C9&" planned") -> ✅ Yes (≤32 VMs) | D70: vs configured VMs (C9)
B72: SECTION 4: FSLOGIX PROFILE STORAGE ESTIMATOR
B73: Estimates total profile volume size based on user type mix. Adjust the mix to model your environment. Compare with your input in Section 1 (C20).
B75: User Type | C75: Profile Size (GB) | D75: % of Users | E75: User Count | F75: Total (TB)
B76: Task Worker (Office web apps, basic) | C76: 2 | D76: 0.3 | E76: =ROUND(D76*$C$18,0) -> 390 | F76: =ROUND(E76*C76/1024,2) -> 0.76
B77: Knowledge Worker (full Office, Teams) | C77: 5 | D77: 0.5 | E77: =ROUND(D77*$C$18,0) -> 650 | F77: =ROUND(E77*C77/1024,2) -> 3.17
B78: Power User (CAD, dev tools, large cache) | C78: 15 | D78: 0.2 | E78: =ROUND(D78*$C$18,0) -> 260 | F78: =ROUND(E78*C78/1024,2) -> 3.81
B79: Mix total | D79: =SUM(D76:D78) -> 1 | E79: =SUM(E76:E78) -> 1300 | F79: =SUM(F76:F78) -> 7.74
B80: Weighted avg profile size (GB) | C80: =IF(E79>0,SUMPRODUCT(C76:C78,E76:E78)/E79,0) -> 6.1 | D80: =IF(ABS(C80-C20)<1,"✅ Matches your input (±1 GB)","⚠️ Your input uses "&C20&" GB") -> ⚠️ Your input uses 5 GB
B82: Profile volume comparison | C82: This estimator | D82: Your input (C20)
B83: Total profile storage (TB) | C83: =F79 -> 7.74 | D83: =C23 -> 0
B85: SECTION 5: NETWORK BANDWIDTH ESTIMATOR
B86: Estimates peak network bandwidth for AVD sessions. Microsoft recommends 1.5 Mbps per single-monitor session, 3+ Mbps for multi-monitor.
B88: Bandwidth Planning | C88: Value | D88: Notes
B89: Bandwidth per session (Mbps) | C89: 3 | D89: ← Adjust: 1.5 (single monitor) to 8+ (4K multi)
B90: Concurrent sessions | C90: =C19 -> 300
B91: Peak bandwidth needed (Mbps) | C91: =C89*C90 -> 900 | D91: =ROUND(C91/1000,1)&" Gbps" -> 0.9 Gbps
B92: Per-node bandwidth (Mbps) | C92: =IF('Hardware Inputs'!C8>0,ROUND(C91/'Hardware Inputs'!C8,0),0) -> 300 | D92: =IF(C92>10000,"⚠️ Exceeds 10 GbE per node",IF(C92>1000,"⚠️ Exceeds 1 GbE per node","✅ Within 1 GbE per node")) -> ✅ Within 1 GbE per node
B94: SECTION 6: GOLD IMAGE SIZING REFERENCE
B95: Typical OS disk sizes for session hosts. Your values are set in Section 1 above.
B97: Component | C97: Your Value (GB) | D97: Typical Range
B98: OS disk (Windows + updates) | C98: =C10 -> 127 | D98: 80 – 127 GB
B99: Data disk (apps, temp, pagefile) | C99: =C11 -> 50 | D99: 0 – 100 GB
B100: Total per VM | C100: =C98+C99 -> 177 | D100: 80 – 227 GB
B102: 💡 Tip: Use VHDX deduplication or shared image galleries to reduce per-host OS footprint when running identical gold images.
B104: SECTION 7: AVD READINESS CHECKLIST
B105: Automated checks against your inputs and Hardware Inputs settings.
B107: Check | C107: Status | D107: Detail
B108: Enough VMs for concurrent users? | C108: =IF(C69<=C9,"✅ PASS","❌ FAIL") -> ✅ PASS | D108: ="Need "&C69&" hosts, have "&C9&" configured" -> Need 1 hosts, have 32 configured
B109: User mix % totals 100%? | C109: =IF(D79=1,"✅ PASS","❌ FAIL ("&TEXT(D79,"0%")&")") -> ✅ PASS | D109: ="Task "&TEXT(D76,"0%")&" + Knowledge "&TEXT(D77,"0%")&" + Power "&TEXT(D78,"0%") -> Task 30% + Knowledge 50% + Power 20%
B110: Profile storage location set? | C110: =IF(C17<>"","✅ "&C17,"❌ Not set") -> ✅ S2D Volume (local) | D110: =IF(C17="S2D Volume (local)","Profiles on cluster storage","Profiles on external storage — no S2D capacity used") -> Profiles on cluster storage
B111: Network bandwidth per node < 10 GbE? | C111: =IF(C92<=10000,"✅ PASS","❌ FAIL") -> ✅ PASS | D111: =ROUND(C92,0)&" Mbps per node ("&ROUND(C92/1000,1)&" Gbps)" -> 300 Mbps per node (0.3 Gbps)
B112: Weighted profile size ≈ input setting? | C112: =IF(ABS(C80-C20)<=2,"✅ PASS","⚠️ CHECK") -> ✅ PASS | D112: ="Weighted avg: "&TEXT(C80,"0.0")&" GB vs input: "&C20&" GB" -> Weighted avg: 6.1 GB vs input: 5 GB
B113: vCPU fit (all nodes, with overcommit)? | C113: =IF(C38<='Hardware Inputs'!C37,"✅ PASS","❌ FAIL") -> ✅ PASS | D113: =C38&" of "&'Hardware Inputs'!C37&" vCPU ("&ROUND(C38/'Hardware Inputs'!C37*100,0)&"%)" -> 0 of 192 vCPU (0%)
B114: RAM fit (all nodes)? | C114: =IF(C37<='Hardware Inputs'!C38,"✅ PASS","❌ FAIL") -> ✅ PASS | D114: =C37&" of "&'Hardware Inputs'!C38&" GB ("&ROUND(C37/'Hardware Inputs'!C38*100,0)&"%)" -> 0 of 672 GB (0%)

Sheet SOFS Planner
B2: SOFS Planner — Separate File Server Cluster for FSLogix Profiles
B3: Sizes a dedicated SOFS cluster (separate from compute cluster) for hosting FSLogix profile containers via CA SMB shares backed by S2D.
B5: SECTION 1: SOFS SCENARIO INPUTS
B6: Enable SOFS scenario? | C6: No | F6: Set to No to skip SOFS entirely. All downstream tabs respect this flag.
B8: SOFS CLUSTER HARDWARE
B9: SOFS node count | C9: 3 | D9: nodes | F9: Minimum 2 nodes for SOFS + cloud witness. Microsoft supported production model.
B10: Drives per SOFS node | C10: 4 | D10: drives | F10: NVMe or SSD recommended for FSLogix IOPS. Same count per node required.
B11: Drive capacity (each) | C11: =IF($C$6="No",0,IF(C30=0,0,ROUNDUP(C30/(C9*C10*C19*C14-1),2))) -> 0 | D11: TB | F11: Auto-calculated from profile demand. Drive size = pool needed ÷ (nodes × drives × resiliency eff × cap eff - 1 drive reserve).
B12: SOFS STORAGE POOL
B13: Resiliency type | C13: =IF($C$6="No","",'AVD Planning'!C22) | F13: Linked from AVD Planning C22. Change profile resiliency there.
B14: Capacity efficiency factor | C14: 0.92 | F14: S2D filesystem overhead. Default 92% (same as compute cluster).
B15: Profile container type | C15: Single | F15: Single = 1 VHD per user (profile+Office combined). Split = 3 VHDs per user (profile + Office/ODFC + other). Split triples IOPS and volume count.
B16: SOFS volume resiliency on main cluster | C16: Two-Way Mirror | F16: Resiliency for the SOFS VM storage volumes on the Azure Local compute cluster. Independent from SOFS internal resiliency.
B18: Total raw capacity | C18: =IF($C$6="No",0,C9*C10*C11) -> 0 | D18: TB | F18: Nodes × drives/node × drive size.
B19: Resiliency efficiency | C19: =IF($C$6="No",0,IF(C13="Three-Way Mirror",1/3,IF(C13="Two-Way Mirror",0.5,IF(C13="Dual Parity",IF(C9>=16,0.8,IF(C9>=9,0.75,IF(C9>=7,2/3,0.5))),IF(C13="Nested Two-Way Mirror",0.25,1/3))))) -> 0 | F19: Data fraction after mirror/parity overhead.
B20: Usable capacity (after resiliency + overhead) | C20: =IF($C$6="No",0,ROUND(C18*C19*C14,2)) -> 0 | D20: TB | F20: Raw × resiliency efficiency × capacity efficiency factor.
B21: Drive reserve (largest drive capacity) | C21: =IF($C$6="No",0,C11) -> 0 | D21: TB | F21: S2D reserves capacity of largest drive for rebuild. Deducted from raw.
B22: Available for volumes | C22: =IF($C$6="No",0,MAX(0,ROUND(C20-C21,2))) -> 0 | D22: TB | F22: Usable minus drive reserve. This is what you can allocate to FSLogix volumes.
B24: FSLOGIX PROFILE DEMAND
B25: Profile storage location (from WP) | C25: =IF($C$6="No","",'Workload Planner'!C17) | F25: Linked from Workload Planner C17. SOFS tab relevant when NOT "S2D Volume (local)".
B26: Total AVD users | C26: =IF($C$6="No",0,'Workload Planner'!C18) -> 0 | D26: users | F26: Linked from Workload Planner.
B27: Profile size per user | C27: =IF($C$6="No",0,'Workload Planner'!C20) -> 0 | D27: GB
B28: Growth buffer | C28: =IF($C$6="No",0,'Workload Planner'!C21) -> 0
B29: Profile logical demand | C29: =IF($C$6="No",0,ROUND((C26*C27*(1+C28))/1024,2)) -> 0 | D29: TB | F29: Users × profile size × (1 + growth buffer) / 1024.
B30: Profile footprint on SOFS (after resiliency) | C30: =IF($C$6="No",0,IF(C19=0,0,ROUND(C29/C19,2))) -> 0 | D30: TB | F30: Logical demand ÷ resiliency efficiency. This is the actual pool space consumed.
B31: Remaining SOFS capacity after profiles | C31: =IF($C$6="No",0,ROUND(C22-C30,2)) -> 0 | D31: TB | F31: Available minus footprint. Negative = need more drives/nodes.
B32: Capacity utilization | C32: =IF($C$6="No",0,IF(C22=0,0,C30/C22)) -> 0 | F32: Keep under 80% for S2D performance headroom.
B34: IOPS ESTIMATE
B35: Steady-state IOPS per user | C35: 10 | D35: IOPS | F35: Typical FSLogix steady state: ~10 IOPS per active session.
B36: Login/logoff storm IOPS per user | C36: 50 | D36: IOPS | F36: Peak during login/logoff: ~50 IOPS per user (VHD mount/dismount).
B37: Concurrent users | C37: =IF($C$6="No",0,'Workload Planner'!C19) -> 0 | D37: users
B38: Login storm % (simultaneous logins) | C38: 0.2 | F38: % of users logging in simultaneously during peak (e.g., 9 AM). 10-30% typical.
B39: Steady-state total IOPS | C39: =IF($C$6="No",0,C37*C35*IF(C15="Split",3,1)) -> 0 | D39: IOPS
B40: Peak storm IOPS | C40: =IF($C$6="No",0,ROUND(((C37*(1-C38)*C35)+(C37*C38*C36))*IF(C15="Split",3,1),0)) -> 0 | D40: IOPS | F40: Steady users × steady IOPS + storm users × storm IOPS. Plan storage to handle this.
B42: SOFS VM COMPUTE (on main cluster)
B43: vCPU per SOFS VM | C43: 8 | D43: vCPU | F43: Typical SOFS VM: 4-8 vCPU. Depends on concurrent SMB sessions.
B44: RAM per SOFS VM | C44: 16 | D44: GB | F44: Typical SOFS VM: 8-16 GB. More for large concurrent profile mounts.
B45: SOFS VM count | C45: =IF($C$6="No",0,C9) -> 0 | D45: VMs | F45: Equals SOFS node count. Each node = 1 VM on the Azure Local cluster.
B46: Total SOFS vCPU demand | C46: =IF($C$6="No",0,C45*C43) -> 0 | D46: vCPU | F46: Total vCPU consumed on main cluster by SOFS VMs.
B47: Total SOFS RAM demand | C47: =IF($C$6="No",0,C45*C44) -> 0 | D47: GB | F47: Total RAM consumed on main cluster by SOFS VMs.
B50: SOFS READINESS CHECKLIST
B51: Capacity: SOFS can hold all profiles? | C51: =IF($C$6="No","N/A",IF(C31>=0,"PASS","FAIL")) -> N/A | F51: Available capacity >= profile footprint.
B52: Utilization: Under 80% threshold? | C52: =IF($C$6="No","N/A",IF(C32<=0.8,"PASS","FAIL")) -> N/A | F52: S2D performance degrades above 80% utilization.
B53: Node count: Matches resiliency type? | C53: =IF($C$6="No","N/A",IF(OR(AND(C13="Two-Way Mirror",C9>=2),AND(C13="Three-Way Mirror",C9>=3),AND(C13="Dual Parity",C9>=4),AND(C13="Nested Two-Way Mirror",C9>=4)),"PASS","FAIL")) -> N/A | F53: 2-Way Mirror = 2+ nodes, 3-Way Mirror = 3+ nodes.
B54: Separate cluster: Not sharing with VM compute? | C54: =IF($C$6="No","N/A","VERIFY") -> N/A | F54: MS does not support SOFS + VM workloads on same cluster for production.
B56: IMPORTANT NOTES
B57: ⚠️ Microsoft does NOT support running SOFS and VM workloads on the same Azure Local cluster for production.
B58: ✅ Supported: Dedicated SOFS cluster (2+ nodes) with its own S2D pool, serving CA SMB shares for FSLogix profiles.
B59: ℹ️ SOFS exposes continuously available (CA) SMB shares — node failovers are transparent to FSLogix sessions.
B60: ℹ️ FSLogix profile containers default to 30 GB max per VHD(X). Use Redirections.xml to exclude caches (Teams, browser) and keep profiles lean.
B61: ℹ️ For alternative storage options (Azure Files, ANF, NAS), set the profile storage location in Workload Planner and this tab becomes informational.

Sheet Volume Detail
B2: VOLUME DETAIL — DEPLOYMENT REFERENCE
B3: Use this table when creating volumes in Windows Admin Center or PowerShell. Copy volume names and sizes directly.
B5: Volume Name | C5: Resiliency | D5: Create Size (TB) | E5: Create Size (TiB)* | F5: Pool Footprint (TB) | G5: Copies | H5: Efficiency | I5: Status
B6: AVD-SessionHosts | C6: ='Workload Planner'!C13 -> Two-Way Mirror | D6: ='Workload Planner'!C14 -> 0 | E6: =IF(D6=0,0,ROUND(D6*(1000/1024)^3,2)) -> 0 | F6: ='Workload Planner'!C15 -> 0 | G6: =IF(C6="Two-Way Mirror","2x",IF(C6="Three-Way Mirror","3x","parity")) -> 2x | H6: =IF(C6="Three-Way Mirror",1/3,IF(C6="Two-Way Mirror",0.5,IF(C6="Dual Parity",IF('Hardware Inputs'!C8>=16,0.8,IF('Hardware Inputs'!C8>=9,0.75,IF('Hardware Inputs'!C8>=7,2/3,0.5))),IF(C6="Nested Two-Way Mirror",0.25,1/3)))) -> 0.5 | I6: =IF(D6=0,"— Disabled",IF(D6>64,"FAIL: >64 TB","PASS")) -> — Disabled
B7: AVD-Profiles | C7: ='Workload Planner'!C22 -> Three-Way Mirror | D7: ='Workload Planner'!C23 -> 0 | E7: =IF(D7=0,0,ROUND(D7*(1000/1024)^3,2)) -> 0 | F7: ='Workload Planner'!C24 -> 0 | G7: =IF(C7="Two-Way Mirror","2x",IF(C7="Three-Way Mirror","3x","parity")) -> 3x | H7: =IF(C7="Three-Way Mirror",1/3,IF(C7="Two-Way Mirror",0.5,IF(C7="Dual Parity",IF('Hardware Inputs'!C8>=16,0.8,IF('Hardware Inputs'!C8>=9,0.75,IF('Hardware Inputs'!C8>=7,2/3,0.5))),IF(C7="Nested Two-Way Mirror",0.25,1/3)))) -> 0.33333333 | I7: =IF(D7=0,"— Disabled",IF(D7>64,"FAIL: >64 TB","PASS")) -> — Disabled
B8: AKS-Cluster | C8: ='Workload Planner'!C53 -> Three-Way Mirror | D8: ='Workload Planner'!C54 -> 0 | E8: =IF(D8=0,0,ROUND(D8*(1000/1024)^3,2)) -> 0 | F8: ='Workload Planner'!C55 -> 0 | G8: =IF(C8="Two-Way Mirror","2x",IF(C8="Three-Way Mirror","3x","parity")) -> 3x | H8: =IF(C8="Three-Way Mirror",1/3,IF(C8="Two-Way Mirror",0.5,IF(C8="Dual Parity",IF('Hardware Inputs'!C8>=16,0.8,IF('Hardware Inputs'!C8>=9,0.75,IF('Hardware Inputs'!C8>=7,2/3,0.5))),IF(C8="Nested Two-Way Mirror",0.25,1/3)))) -> 0.33333333 | I8: =IF(D8=0,"— Disabled",IF(D8>64,"FAIL: >64 TB","PASS")) -> — Disabled
B9: Infra-VMs | C9: ='Workload Planner'!C69 -> Three-Way Mirror | D9: ='Workload Planner'!C70 -> 0 | E9: =IF(D9=0,0,ROUND(D9*(1000/1024)^3,2)) -> 0 | F9: ='Workload Planner'!C71 -> 0 | G9: =IF(C9="Two-Way Mirror","2x",IF(C9="Three-Way Mirror","3x","parity")) -> 3x | H9: =IF(C9="Three-Way Mirror",1/3,IF(C9="Two-Way Mirror",0.5,IF(C9="Dual Parity",IF('Hardware Inputs'!C8>=16,0.8,IF('Hardware Inputs'!C8>=9,0.75,IF('Hardware Inputs'!C8>=7,2/3,0.5))),IF(C9="Nested Two-Way Mirror",0.25,1/3)))) -> 0.33333333 | I9: =IF(D9=0,"— Disabled",IF(D9>64,"FAIL: >64 TB","PASS")) -> — Disabled
B10: DevTest-VMs | C10: ='Workload Planner'!C86 -> Two-Way Mirror | D10: ='Workload Planner'!C87 -> 0 | E10: =IF(D10=0,0,ROUND(D10*(1000/1024)^3,2)) -> 0 | F10: ='Workload Planner'!C88 -> 0 | G10: =IF(C10="Two-Way Mirror","2x",IF(C10="Three-Way Mirror","3x","parity")) -> 2x | H10: =IF(C10="Three-Way Mirror",1/3,IF(C10="Two-Way Mirror",0.5,IF(C10="Dual Parity",IF('Hardware Inputs'!C8>=16,0.8,IF('Hardware Inputs'!C8>=9,0.75,IF('Hardware Inputs'!C8>=7,2/3,0.5))),IF(C10="Nested Two-Way Mirror",0.25,1/3)))) -> 0.5 | I10: =IF(D10=0,"— Disabled",IF(D10>64,"FAIL: >64 TB","PASS")) -> — Disabled
B11: Backup-Archive | C11: ='Workload Planner'!C101 -> Dual Parity | D11: ='Workload Planner'!C102 -> 0 | E11: =IF(D11=0,0,ROUND(D11*(1000/1024)^3,2)) -> 0 | F11: ='Workload Planner'!C103 -> 0 | G11: =IF(C11="Two-Way Mirror","2x",IF(C11="Three-Way Mirror","3x","parity")) -> parity | H11: =IF(C11="Three-Way Mirror",1/3,IF(C11="Two-Way Mirror",0.5,IF(C11="Dual Parity",IF('Hardware Inputs'!C8>=16,0.8,IF('Hardware Inputs'!C8>=9,0.75,IF('Hardware Inputs'!C8>=7,2/3,0.5))),IF(C11="Nested Two-Way Mirror",0.25,1/3)))) -> 0.5 | I11: =IF(D11=0,"— Disabled",IF(D11>64,"FAIL: >64 TB","PASS")) -> — Disabled
B12: Custom | C12: ='Workload Planner'!C108 -> Three-Way Mirror | D12: ='Workload Planner'!C109 -> 0 | E12: =IF(D12=0,0,ROUND(D12*(1000/1024)^3,2)) -> 0 | F12: ='Workload Planner'!C110 -> 0 | G12: =IF(C12="Two-Way Mirror","2x",IF(C12="Three-Way Mirror","3x","parity")) -> 3x | H12: =IF(C12="Three-Way Mirror",1/3,IF(C12="Two-Way Mirror",0.5,IF(C12="Dual Parity",IF('Hardware Inputs'!C8>=16,0.8,IF('Hardware Inputs'!C8>=9,0.75,IF('Hardware Inputs'!C8>=7,2/3,0.5))),IF(C12="Nested Two-Way Mirror",0.25,1/3)))) -> 0.33333333 | I12: =IF(D12=0,"— Disabled",IF(D12>64,"FAIL: >64 TB","PASS")) -> — Disabled
B13: =IF('SOFS Planner'!$C$6="No","","SOFS-Node1-Vol") | C13: ='SOFS Planner'!C16 -> Two-Way Mirror | D13: =IF('SOFS Planner'!$C$6="No",0,IF('SOFS Planner'!C9>=1,ROUND('SOFS Planner'!C30/'SOFS Planner'!C9,2),0)) -> 0 | E13: =IF(D13=0,0,ROUND(D13*(1000/1024)^3,2)) -> 0 | F13: =IF(D13=0,0,ROUND(D13/IF(C13="Three-Way Mirror",1/3,IF(C13="Two-Way Mirror",0.5,IF(C13="Dual Parity",IF('Hardware Inputs'!C8>=16,0.8,IF('Hardware Inputs'!C8>=9,0.75,IF('Hardware Inputs'!C8>=7,2/3,0.5))),IF(C13="Nested Two-Way Mirror",0.25,1/3)))),2)) -> 0 | G13: =IF(D13=0,"",IF(C13="Two-Way Mirror","2x",IF(C13="Three-Way Mirror","3x","parity"))) | I13: =IF(D13=0,"— Disabled",IF(D13>64,"FAIL: >64 TB","PASS")) -> — Disabled
B14: =IF('SOFS Planner'!$C$6="No","",IF('SOFS Planner'!C9>=2,"SOFS-Node2-Vol","")) | C14: =IF(B14<>"",C13,"") | D14: =IF(B14<>"",D13,0) -> 0 | E14: =IF(D14=0,0,ROUND(D14*(1000/1024)^3,2)) -> 0 | F14: =IF(D14=0,0,F13) -> 0 | G14: =IF(D14=0,"",G13) | I14: =IF(D14=0,"— Disabled",IF(D14>64,"FAIL: >64 TB","PASS")) -> — Disabled
B15: =IF('SOFS Planner'!$C$6="No","",IF('SOFS Planner'!C9>=3,"SOFS-Node3-Vol","")) | C15: =IF(B15<>"",C13,"") | D15: =IF(B15<>"",D13,0) -> 0 | E15: =IF(D15=0,0,ROUND(D15*(1000/1024)^3,2)) -> 0 | F15: =IF(D15=0,0,F13) -> 0 | G15: =IF(D15=0,"",G13) | I15: =IF(D15=0,"— Disabled",IF(D15>64,"FAIL: >64 TB","PASS")) -> — Disabled
B16: =IF('SOFS Planner'!$C$6="No","",IF('SOFS Planner'!C9>=4,"SOFS-Node4-Vol","")) | C16: =IF(B16<>"",C13,"") | D16: =IF(B16<>"",D13,0) -> 0 | E16: =IF(D16=0,0,ROUND(D16*(1000/1024)^3,2)) -> 0 | F16: =IF(D16=0,0,F13) -> 0 | G16: =IF(D16=0,"",G13) | I16: =IF(D16=0,"— Disabled",IF(D16>64,"FAIL: >64 TB","PASS")) -> — Disabled
B23: TOTALS | D23: =SUM(D6:D16) -> 0 | E23: =SUM(E6:E16) -> 0 | F23: =SUM(F6:F16) -> 0 | I23: =COUNTIF(I6:I16,"PASS")&" of "&COUNTIF(I6:I16,"<>"&"— Disabled")&" PASS" -> 0 of 0 PASS
B25: FIT CHECK
B26: =IF('Workload Planner'!C128<0,"FAIL: Exceeds pool by "&TEXT(ABS('Workload Planner'!C128),"0.00")&" TB. Remove workloads or add drives.",IF('Workload Planner'!C129>0.7,"WARNING: "&TEXT('Workload Planner'!C129,"0.0%")&" utilized. Above 70% = limited rebuild headroom.","PASS: "&TEXT('Workload Planner'!C129,"0.0%")&" utilized. Healthy headroom for drive failure repair.")) -> PASS: 0.0% utilized. Healthy headroom for drive failure repair.
B28: * TiB column: What Windows/PowerShell will report. This calculator uses TB (decimal) everywhere else. 1 TB = ~0.909 TiB. Both are correct — different units for the same bytes.
B29: ="Microsoft recommends volume count as a multiple of your node count ("&'Hardware Inputs'!C8&") for balanced data distribution. Consider splitting large Infrastructure or Dev/Test volumes across "&'Hardware Inputs'!C8&" equal volumes where practical. AVD profiles and AKS PVs typically require a single volume." -> Microsoft recommends volume count as a multiple of your node count (3) for balanced data distribution. Consider splitting large Infrastructure or Dev/Test volumes across 3 equal volumes where practical. AVD profiles and AKS PVs typically require a single volume.

Sheet Capacity Report
B2: S2D CAPACITY REPORT
B4: EXECUTIVE SUMMARY
B5: Cluster Nodes | C5: ='Hardware Inputs'!C8 -> 3 | D5: servers
B6: Drive Config | C6: ='Hardware Inputs'!C9 -> All-NVMe (No Cache)
B7: Capacity Drives | C7: ='Hardware Inputs'!C16 -> 12 | D7: drives
B8: Drive Size | C8: ='Hardware Inputs'!C11 -> 3.84 | D8: TB each
B9: Raw Capacity | C9: ='Hardware Inputs'!C18 -> 46.08 | D9: TB
B10: After Overhead | C10: ='Hardware Inputs'!C20 -> 42.3936 | D10: TB
B11: Pool Reserve | C11: ='Hardware Inputs'!C21 -> 10.5984 | D11: TB
B12: Infra Volume | C12: ='Hardware Inputs'!C22 -> 0.75 | D12: TB
B13: AVAILABLE POOL | C13: ='Hardware Inputs'!C24 -> 31.0452 | D13: TB
B14: WAC Display | C14: ='Hardware Inputs'!C26 -> 30.32 | D14: TiB
B15: Workload Footprint | C15: ='Workload Planner'!C124 -> 0 | D15: TB
B16: Usable Volume Capacity | C16: ='Workload Planner'!C125 -> 0 | D16: TB
B17: Remaining Free | C17: ='Workload Planner'!C128 -> 31.0452 | D17: TB
B18: Pool Utilization | C18: ='Workload Planner'!C129 -> 0
B20: CAPACITY TERMS
B21: Raw Capacity | C21: Drive label size. Manufacturer's decimal number.
B22: Usable Capacity | C22: After ~8% overhead (TB-to-TiB + NVMe reserves).
B23: Pool Capacity | C23: All usable capacity pooled. Excludes cache.
B24: Reserve | C24: 1 drive/node (max 4) for auto-repair.
B25: Infra Volume | C25: ~250 GB for Azure Local system metadata.
B26: Available Pool | C26: Pool - reserve - infra. What you allocate.
B27: Volume Size | C27: Logical size you request. What OS shows.
B28: Footprint | C28: Physical pool space. 1TB 3-way mirror = 3TB.
B29: Efficiency | C29: Usable/footprint. 2-way=50%, 3-way=33%.
B30: TB vs TiB | C30: Manufacturers=TB. Windows=TiB. 1TB=0.909TiB.
B32: WHY RESERVE IS CRITICAL
B33: Drive fails: | C33: S2D rebuilds lost data onto other drives. Needs FREE pool space.
B34: No reserve: | C34: Must wait for replacement drive. Reduced redundancy = risk.
B35: With reserve: | C35: Rebuild starts IMMEDIATELY. Full resiliency in minutes, not days.
B37: DRIVE SIZING ADVISORY
B38: Cost | C38: Smaller drives cheaper per TB.
B39: Rebuild Speed | C39: 3.84 TB rebuilds ~half the time of 7.68 TB.
B40: Parallelism | C40: More drives = more IOPS. 8 drives/node > 4.
B41: Reserve Cost | C41: Smaller drive = smaller reserve = more for volumes.
B42: Slots | C42: Limited NVMe slots per server. Check hardware spec.

Sheet Compute Report
B2: COMPUTE CAPACITY REPORT
B3: ="All values linked to Hardware Inputs and Workload Planner tabs. Last updated: "&TEXT(NOW(),"mm/dd/yyyy hh:mm AM/PM") -> All values linked to Hardware Inputs and Workload Planner tabs. Last updated: 04/01/2026 09:30 AM
B4: CLUSTER COMPUTE HARDWARE
B5: Cluster Nodes | C5: ='Hardware Inputs'!C8 -> 3 | D5: servers
B6: Physical CPU Cores per Node | C6: ='Hardware Inputs'!C29 -> 32 | D6: cores | F6: =IF('Hardware Inputs'!C30="Yes","Hyperthreading: ON","Hyperthreading: OFF") -> Hyperthreading: ON
B7: Logical vCPU per Node | C7: ='Hardware Inputs'!C35 -> 64 | D7: vCPU | F7: ="Physical cores × "&IF('Hardware Inputs'!C30="Yes","2 (HT)","1 (no HT)") -> Physical cores × 2 (HT)
B8: RAM per Node | C8: ='Hardware Inputs'!C31 -> 256 | D8: GB total | F8: ='Hardware Inputs'!C32&" GB reserved for host OS / S2D" -> 32 GB reserved for host OS / S2D
B9: Usable RAM per Node | C9: ='Hardware Inputs'!C36 -> 224 | D9: GB | F9: After host OS reservation.
B11: Total Cluster vCPU | C11: ='Hardware Inputs'!C37 -> 192 | D11: vCPU | F11: =C5&" nodes × "&C7&" vCPU" -> 3 nodes × 64 vCPU
B12: Total Cluster Usable RAM | C12: ='Hardware Inputs'!C38 -> 672 | D12: GB | F12: =C5&" nodes × "&C9&" GB" -> 3 nodes × 224 GB
B14: N+1 Available vCPU (1 node down) | C14: ='Hardware Inputs'!C39 -> 128 | D14: vCPU | F14: ="With 1 of "&C5&" nodes in maintenance or failed." -> With 1 of 3 nodes in maintenance or failed.
B15: N+1 Available RAM (1 node down) | C15: ='Hardware Inputs'!C40 -> 448 | D15: GB | F15: Plan workloads to survive this scenario.
B17: COMPUTE DEMAND BY SCENARIO
B18: Scenario | C18: Status | D18: vCPU | E18: RAM (GB) | F18: Overcommit | G18: Eff. vCPU
B19: S1: AVD | C19: =IF('Workload Planner'!C8="Yes","Enabled","— Disabled") -> — Disabled | D19: ='Workload Planner'!C35 -> 0 | E19: ='Workload Planner'!C36 -> 0 | F19: ='Workload Planner'!C29 -> 4:1 | G19: ='Workload Planner'!C37 -> 0
B20: S2: AKS on Azure Local | C20: =IF('Workload Planner'!C44="Yes","Enabled","— Disabled") -> — Disabled | D20: ='Workload Planner'!C62 -> 0 | E20: =IF('Workload Planner'!C44="No",0,('Workload Planner'!C47*'Workload Planner'!C58)+('Workload Planner'!C48*'Workload Planner'!C60)) -> 0 | F20: ='Workload Planner'!C61 -> 4:1 | G20: ='Workload Planner'!C63 -> 0
B21: S3: Infrastructure VMs | C21: =IF('Workload Planner'!C66="Yes","Enabled","— Disabled") -> — Disabled | D21: ='Workload Planner'!C76 -> 0 | E21: =IF('Workload Planner'!C66="No",0,'Workload Planner'!C67*'Workload Planner'!C74) -> 0 | F21: ='Workload Planner'!C75 -> 4:1 | G21: ='Workload Planner'!C77 -> 0
B22: S4: Dev/Test VMs | C22: =IF('Workload Planner'!C83="Yes","Enabled","— Disabled") -> — Disabled | D22: ='Workload Planner'!C93 -> 0 | E22: =IF('Workload Planner'!C83="No",0,'Workload Planner'!C84*'Workload Planner'!C91) -> 0 | F22: ='Workload Planner'!C92 -> 4:1 | G22: ='Workload Planner'!C94 -> 0
B23: SOFS VMs | C23: Enabled | D23: ='SOFS Planner'!C46 -> 0 | E23: ='SOFS Planner'!C47 -> 0 | F23: 0.042361111 | G23: =D23 -> 0
B24: TOTALS | D24: =SUM(D19:D23) -> 0 | E24: =SUM(E19:E23) -> 0 | G24: =SUM(G19:G23) -> 0
B26: CAPACITY RESULT
B27: REMAINING vCPU | C27: =C11-G24 -> 192 | D27: vCPU | F27: =IF(C27<0,"OVER CAPACITY!",IF(G24/C11>0.7,"Caution: Above 70% utilization.","Healthy.")) -> Healthy.
B28: vCPU Utilization | C28: =IF(C11=0,0,G24/C11) -> 0 | F28: =G24&" of "&C11&" vCPU consumed (after overcommit)" -> 0 of 192 vCPU consumed (after overcommit)
B30: REMAINING RAM | C30: =C12-E24 -> 672 | D30: GB | F30: =IF(C30<0,"OVER CAPACITY!",IF(E24/C12>0.7,"Caution: Above 70% utilization.","Healthy.")) -> Healthy.
B31: RAM Utilization | C31: =IF(C12=0,0,E24/C12) -> 0 | F31: =E24&" of "&C12&" GB RAM consumed" -> 0 of 672 GB RAM consumed
B33: N+1 FAILOVER ANALYSIS (1 node in maintenance)
B34: Check | C34: Demand | D34: Available | E34: Utilization | F34: Status | G34: Headroom
B35: vCPU (all nodes) | C35: =G24 -> 0 | D35: =C11 -> 192 | E35: =IF(D35=0,0,C35/D35) -> 0 | F35: =IF(C35<=D35,"✓ PASS","✗ FAIL") -> ✓ PASS | G35: =D35-C35 -> 192
B36: RAM (all nodes) | C36: =E24 -> 0 | D36: =C12 -> 672 | E36: =IF(D36=0,0,C36/D36) -> 0 | F36: =IF(C36<=D36,"✓ PASS","✗ FAIL") -> ✓ PASS | G36: =D36-C36 -> 672
B37: N+1 vCPU (1 node down) | C37: =G24 -> 0 | D37: =C14 -> 128 | E37: =IF(D37=0,0,C37/D37) -> 0 | F37: =IF(C37<=D37,"✓ PASS","⚠ WARNING") -> ✓ PASS | G37: =D37-C37 -> 128
B38: N+1 RAM (1 node down) | C38: =E24 -> 0 | D38: =C15 -> 448 | E38: =IF(D38=0,0,C38/D38) -> 0 | F38: =IF(C38<=D38,"✓ PASS","⚠ WARNING") -> ✓ PASS | G38: =D38-C38 -> 448
B40: AVD SESSION HOST DETAIL
B41: VM spec: vCPU per host | C41: ='Workload Planner'!C27 -> 8 | D41: vCPU
B42: VM spec: RAM per host | C42: ='Workload Planner'!C28 -> 32 | D42: GB
B43: User allocation: vCPU per user | C43: ='Workload Planner'!C30 -> 2 | D43: vCPU | F43: =IF('Workload Planner'!C30<=1,"Light user",IF('Workload Planner'!C30<=2,"Medium user","Power user")) -> Medium user
B44: User allocation: RAM per user | C44: ='Workload Planner'!C31 -> 4 | D44: GB
B45: Users per session host (max) | C45: ='Workload Planner'!C32 -> 0 | D45: users/host | F45: =IF('Workload Planner'!C8="No","","Bottleneck: "&IF(INT('Workload Planner'!C27/'Workload Planner'!C30)<INT('Workload Planner'!C28/'Workload Planner'!C31),"vCPU",IF(INT('Workload Planner'!C27/'Workload Planner'!C30)>INT('Workload Planner'!C28/'Workload Planner'!C31),"RAM","Both equal")))
B47: Concurrent users to support | C47: ='Workload Planner'!C19 -> 300 | D47: users
B48: Session hosts NEEDED | C48: ='Workload Planner'!C33 -> 0 | D48: VMs | F48: ="⌈ "&'Workload Planner'!C19&" users ÷ "&'Workload Planner'!C32&" users/host ⌉" -> ⌈ 300 users ÷ 0 users/host ⌉
B49: Session hosts CONFIGURED | C49: ='Workload Planner'!C10 -> 32 | D49: VMs | F49: ='Workload Planner'!C34
B51: vCPU OVERCOMMIT SENSITIVITY (ALL SCENARIOS)
B52: Overcommit Ratio | C52: AVD Eff. vCPU | D52: Total Eff. vCPU | E52: Fit (All) | F52: Fit (N+1) | G52: Guidance
B53: 1:1 (no overcommit) | C53: ='Workload Planner'!C156 -> 0 | D53: ='Workload Planner'!D156 -> 0 | E53: ='Workload Planner'!E156 -> ✓ PASS | F53: ='Workload Planner'!F156 -> ✓ PASS | G53: No overcommit. Full core per vCPU.
B54: 2:1 | C54: ='Workload Planner'!C157 -> 0 | D54: ='Workload Planner'!D157 -> 0 | E54: ='Workload Planner'!E157 -> ✓ PASS | F54: ='Workload Planner'!F157 -> ✓ PASS | G54: Conservative. 2 vCPU per core.
B55: 3:1 | C55: ='Workload Planner'!C158 -> 0 | D55: ='Workload Planner'!D158 -> 0 | E55: ='Workload Planner'!E158 -> ✓ PASS | F55: ='Workload Planner'!F158 -> ✓ PASS | G55: Moderate. Knowledge workers.
B56: 4:1 | C56: ='Workload Planner'!C159 -> 0 | D56: ='Workload Planner'!D159 -> 0 | E56: ='Workload Planner'!E159 -> ✓ PASS | F56: ='Workload Planner'!F159 -> ✓ PASS | G56: Standard AVD. Task/office workers.
B58: Note: Hyper-V supports vCPU overcommit (standard for AVD). Memory is NOT overcommitted — full RAM reserved per VM.

Sheet Final Report
B2: S2D CAPACITY CALCULATOR — FINAL REPORT
B3: ="Generated from calculator inputs. All values linked to source tabs. Last updated: "&TEXT(NOW(),"mm/dd/yyyy hh:mm AM/PM") -> Generated from calculator inputs. All values linked to source tabs. Last updated: 04/01/2026 09:30 AM
B5: SECTION 1: CLUSTER HARDWARE SUMMARY
B6: Cluster Nodes | C6: ='Hardware Inputs'!C8 -> 3 | D6: nodes
B7: Drive Configuration | C7: ='Hardware Inputs'!C9 -> All-NVMe (No Cache)
B8: Capacity Drives per Node | C8: ='Hardware Inputs'!C10 -> 4 | D8: per node
B9: Drive Size (Advertised) | C9: ='Hardware Inputs'!C11 -> 3.84 | D9: TB
B10: Total Capacity Drives | C10: ='Hardware Inputs'!C16 -> 12 | D10: drives
B11: Total Raw Capacity | C11: ='Hardware Inputs'!C18 -> 46.08 | D11: TB
B12: Usable Pool (after ~8% NVMe overhead) | C12: ='Hardware Inputs'!C20 -> 42.3936 | D12: TB
B13: Reserve (drive failure repair) | C13: ='Hardware Inputs'!C21 -> 10.5984 | D13: TB
B14: Infrastructure Volume | C14: ='Hardware Inputs'!C22 -> 0.75 | D14: TB
B15: AVAILABLE CAPACITY FOR VOLUMES | C15: ='Hardware Inputs'!C24 -> 31.0452 | D15: TB | E15: ="(WAC shows: "&ROUND('Hardware Inputs'!C24*(1000/1024)^3,2)&" TiB)" -> (WAC shows: 28.91 TiB)
B17: SECTION 2: CAPACITY ALLOCATION
B18: Available Pool Capacity | C18: ='Workload Planner'!C114 -> 31.0452 | D18: TB
B19: Total Physical Footprint (all scenarios) | C19: ='Workload Planner'!C124 -> 0 | D19: TB
B20: Total Usable Volume Capacity (logical) | C20: ='Workload Planner'!C125 -> 0 | D20: TB
B21: Volume Count | C21: ='Workload Planner'!C126 -> 0 | D21: volumes
B23: REMAINING POOL CAPACITY | C23: ='Workload Planner'!C128 -> 31.0452 | D23: TB
B24: Pool Utilization | C24: ='Workload Planner'!C129 -> 0
B25: Fit Check | C25: =IF('Workload Planner'!C128<0,"FAIL — OVER CAPACITY",IF('Workload Planner'!C129>0.7,"WARNING — Above 70% utilization","PASS — Healthy headroom")) -> PASS — Healthy headroom
C26: Used | D26: Remaining
B27: Pool Capacity | C27: ='Workload Planner'!C124 -> 0 | D27: =IF('Workload Planner'!C128>0,'Workload Planner'!C128,0) -> 31.0452
B41: SECTION 3: SCENARIO BREAKDOWN
B42: Scenario | C42: Status | D42: Resiliency | E42: Logical (TB) | F42: Efficiency | G42: Footprint (TB)
B43: S1: AVD Session Hosts | C43: =IF('Workload Planner'!C14>0,"Enabled","— Disabled") -> — Disabled | D43: ='Workload Planner'!C13 -> Two-Way Mirror | E43: =IF(C43="— Disabled","—",'Workload Planner'!C14) -> — | F43: ='Workload Planner'!D13 -> 50% eff. | G43: =IF(C43="— Disabled","—",'Workload Planner'!C15) -> —
B44: S1: AVD FSLogix Profiles | C44: =IF('Workload Planner'!C23>0,"Enabled","— Disabled") -> — Disabled | D44: ='Workload Planner'!C22 -> Three-Way Mirror | E44: =IF(C44="— Disabled","—",'Workload Planner'!C23) -> — | F44: ='Workload Planner'!D22 -> 33% eff. | G44: =IF(C44="— Disabled","—",'Workload Planner'!C24) -> —
B45: S2: AKS on Azure Local | C45: =IF('Workload Planner'!C54>0,"Enabled","— Disabled") -> — Disabled | D45: ='Workload Planner'!C53 -> Three-Way Mirror | E45: =IF(C45="— Disabled","—",'Workload Planner'!C54) -> — | F45: ='Workload Planner'!D53 -> 33% eff. | G45: =IF(C45="— Disabled","—",'Workload Planner'!C55) -> —
B46: S3: Infrastructure VMs | C46: =IF('Workload Planner'!C70>0,"Enabled","— Disabled") -> — Disabled | D46: ='Workload Planner'!C69 -> Three-Way Mirror | E46: =IF(C46="— Disabled","—",'Workload Planner'!C70) -> — | F46: ='Workload Planner'!D69 -> 33% eff. | G46: =IF(C46="— Disabled","—",'Workload Planner'!C71) -> —
B47: S4: Dev/Test VMs | C47: =IF('Workload Planner'!C87>0,"Enabled","— Disabled") -> — Disabled | D47: ='Workload Planner'!C86 -> Two-Way Mirror | E47: =IF(C47="— Disabled","—",'Workload Planner'!C87) -> — | F47: ='Workload Planner'!D86 -> 50% eff. | G47: =IF(C47="— Disabled","—",'Workload Planner'!C88) -> —
B48: S5: Backup / Archive | C48: =IF('Workload Planner'!C102>0,"Enabled","— Disabled") -> — Disabled | D48: ='Workload Planner'!C101 -> Dual Parity | E48: =IF(C48="— Disabled","—",'Workload Planner'!C102) -> — | F48: ='Workload Planner'!D101 -> 50% eff. | G48: =IF(C48="— Disabled","—",'Workload Planner'!C103) -> —
B49: S6: Custom | C49: =IF('Workload Planner'!C109>0,"Enabled","— Disabled") -> — Disabled | D49: ='Workload Planner'!C108 -> Three-Way Mirror | E49: =IF(C49="— Disabled","—",'Workload Planner'!C109) -> — | F49: ='Workload Planner'!D108 -> 33% eff. | G49: =IF(C49="— Disabled","—",'Workload Planner'!C110) -> —
B50: SOFS VM Volumes | C50: =IF('SOFS Planner'!$C$6="No","— Disabled",IF('SOFS Planner'!C9>=1,"Enabled","— Disabled")) -> — Disabled | D50: ='SOFS Planner'!C16 -> Two-Way Mirror | E50: =IF(C50="— Disabled","—",SUM('Volume Detail'!D13:'Volume Detail'!D16)) -> — | F50: =IF(C50="— Disabled","",IF('SOFS Planner'!C16="Two-Way Mirror","50% eff.",IF('SOFS Planner'!C16="Three-Way Mirror","33% eff.","varies"))) | G50: =IF(C50="— Disabled","—",'Workload Planner'!C123) -> —
B51: TOTALS | E51: ='Workload Planner'!C125 -> 0 | G51: ='Workload Planner'!C124 -> 0
B52: SCENARIO INPUT DETAILS (enabled scenarios only)
B53: AVD Session Hosts | E53: =IF('Workload Planner'!C8="No","(Disabled)","") -> (Disabled)
B54: Session host VMs | C54: ='Workload Planner'!C10 -> 32 | D54: VMs
B55: OS disk per host | C55: ='Workload Planner'!C11 -> 127 | D55: GB
B56: Data/temp disk per host | C56: ='Workload Planner'!C12 -> 50 | D56: GB
B57: Resiliency | C57: ='Workload Planner'!C13 -> Two-Way Mirror
B58: AVD FSLogix Profiles | E58: =IF('Workload Planner'!C8="No","(Disabled)","") -> (Disabled)
B59: Total AVD users | C59: ='Workload Planner'!C18 -> 1300 | D59: users
B60: Profile size per user | C60: ='Workload Planner'!C20 -> 5 | D60: GB
B61: Growth buffer | C61: ='Workload Planner'!C21 -> 0.3
B62: Resiliency | C62: ='Workload Planner'!C22 -> Three-Way Mirror
B65: SECTION 4: VOLUME CREATION TABLE — DEPLOYMENT REFERENCE
B66: Volume Name | C66: Resiliency | D66: Create Size (TB) | E66: Create Size (TiB)* | F66: Pool Footprint (TB) | G66: Copies | H66: Status
B67: AVD-SessionHosts | C67: ='Volume Detail'!C6 -> Two-Way Mirror | D67: ='Volume Detail'!D6 -> 0 | E67: ='Volume Detail'!E6 -> 0 | F67: ='Volume Detail'!F6 -> 0 | G67: ='Volume Detail'!G6 -> 2x | H67: ='Volume Detail'!I6 -> — Disabled
B68: AVD-Profiles | C68: ='Volume Detail'!C7 -> Three-Way Mirror | D68: ='Volume Detail'!D7 -> 0 | E68: ='Volume Detail'!E7 -> 0 | F68: ='Volume Detail'!F7 -> 0 | G68: ='Volume Detail'!G7 -> 3x | H68: ='Volume Detail'!I7 -> — Disabled
B69: AKS-Cluster | C69: ='Volume Detail'!C8 -> Three-Way Mirror | D69: ='Volume Detail'!D8 -> 0 | E69: ='Volume Detail'!E8 -> 0 | F69: ='Volume Detail'!F8 -> 0 | G69: ='Volume Detail'!G8 -> 3x | H69: ='Volume Detail'!I8 -> — Disabled
B70: Infra-VMs | C70: ='Volume Detail'!C9 -> Three-Way Mirror | D70: ='Volume Detail'!D9 -> 0 | E70: ='Volume Detail'!E9 -> 0 | F70: ='Volume Detail'!F9 -> 0 | G70: ='Volume Detail'!G9 -> 3x | H70: ='Volume Detail'!I9 -> — Disabled
B71: DevTest-VMs | C71: ='Volume Detail'!C10 -> Two-Way Mirror | D71: ='Volume Detail'!D10 -> 0 | E71: ='Volume Detail'!E10 -> 0 | F71: ='Volume Detail'!F10 -> 0 | G71: ='Volume Detail'!G10 -> 2x | H71: ='Volume Detail'!I10 -> — Disabled
B72: Backup-Archive | C72: ='Volume Detail'!C11 -> Dual Parity | D72: ='Volume Detail'!D11 -> 0 | E72: ='Volume Detail'!E11 -> 0 | F72: ='Volume Detail'!F11 -> 0 | G72: ='Volume Detail'!G11 -> parity | H72: ='Volume Detail'!I11 -> — Disabled
B73: Custom | C73: ='Volume Detail'!C12 -> Three-Way Mirror | D73: ='Volume Detail'!D12 -> 0 | E73: ='Volume Detail'!E12 -> 0 | F73: ='Volume Detail'!F12 -> 0 | G73: ='Volume Detail'!G12 -> 3x | H73: ='Volume Detail'!I12 -> — Disabled
B74: =IF('SOFS Planner'!$C$6="No","","SOFS-Node1-Vol") | C74: ='Volume Detail'!C13 -> Two-Way Mirror | D74: ='Volume Detail'!D13 -> 0 | E74: ='Volume Detail'!E13 -> 0 | F74: ='Volume Detail'!F13 -> 0 | G74: ='Volume Detail'!G13 | H74: ='Volume Detail'!I13 -> — Disabled
B75: =IF('SOFS Planner'!$C$6="No","",IF('Volume Detail'!B14<>"","SOFS-Node2-Vol","")) | C75: =IF(B75<>"",'Volume Detail'!C14,"") | D75: =IF(B75<>"",'Volume Detail'!D14,"") | E75: =IF(B75<>"",'Volume Detail'!E14,"") | F75: =IF(B75<>"",'Volume Detail'!F14,"") | G75: =IF(B75<>"",'Volume Detail'!G14,"") | H75: =IF(B75<>"",'Volume Detail'!I14,"")
B76: =IF('SOFS Planner'!$C$6="No","",IF('Volume Detail'!B15<>"","SOFS-Node3-Vol","")) | C76: =IF(B76<>"",'Volume Detail'!C15,"") | D76: =IF(B76<>"",'Volume Detail'!D15,"") | E76: =IF(B76<>"",'Volume Detail'!E15,"") | F76: =IF(B76<>"",'Volume Detail'!F15,"") | G76: =IF(B76<>"",'Volume Detail'!G15,"") | H76: =IF(B76<>"",'Volume Detail'!I15,"")
B77: =IF('SOFS Planner'!$C$6="No","",IF('Volume Detail'!B16<>"","SOFS-Node4-Vol","")) | C77: =IF(B77<>"",'Volume Detail'!C16,"") | D77: =IF(B77<>"",'Volume Detail'!D16,"") | E77: =IF(B77<>"",'Volume Detail'!E16,"") | F77: =IF(B77<>"",'Volume Detail'!F16,"") | G77: =IF(B77<>"",'Volume Detail'!G16,"") | H77: =IF(B77<>"",'Volume Detail'!I16,"")
B78: TOTALS | D78: ='Volume Detail'!D23 -> 0 | E78: ='Volume Detail'!E23 -> 0 | F78: ='Volume Detail'!F23 -> 0 | H78: ='Volume Detail'!I23 -> 0 of 0 PASS
B79: * TiB (binary) = what Windows Admin Center and PowerShell report. 1 TB ≈ 0.909 TiB. Use TiB values when creating volumes via WAC or PowerShell.
B81: POWERSHELL VOLUME CREATION COMMANDS (copy/paste ready)
B82: =IF('Workload Planner'!C8="No","# AVD-SessionHosts — Disabled (skip)","New-Volume -FriendlyName ""AVD-SessionHosts"" -Size "&TEXT('Volume Detail'!E6,"0.00")&"TB -StoragePoolFriendlyName S2D* -ResiliencySettingName "&IF(OR('Volume Detail'!C6="Dual Parity"),"Parity","Mirror")&IF(OR('Volume Detail'!C6="Dual Parity"),""," -NumberOfDataCopies "&IF('Volume Detail'!C6="Three-Way Mirror","3","2"))) -> # AVD-SessionHosts — Disabled (skip)
B83: =IF('Workload Planner'!C8="No","# AVD-Profiles — Disabled (skip)","New-Volume -FriendlyName ""AVD-Profiles"" -Size "&TEXT('Volume Detail'!E7,"0.00")&"TB -StoragePoolFriendlyName S2D* -ResiliencySettingName "&IF(OR('Volume Detail'!C7="Dual Parity"),"Parity","Mirror")&IF(OR('Volume Detail'!C7="Dual Parity"),""," -NumberOfDataCopies "&IF('Volume Detail'!C7="Three-Way Mirror","3","2"))) -> # AVD-Profiles — Disabled (skip)
B84: =IF('Workload Planner'!C44="No","# AKS-Cluster — Disabled (skip)","New-Volume -FriendlyName ""AKS-Cluster"" -Size "&TEXT('Volume Detail'!E8,"0.00")&"TB -StoragePoolFriendlyName S2D* -ResiliencySettingName "&IF(OR('Volume Detail'!C8="Dual Parity"),"Parity","Mirror")&IF(OR('Volume Detail'!C8="Dual Parity"),""," -NumberOfDataCopies "&IF('Volume Detail'!C8="Three-Way Mirror","3","2"))) -> # AKS-Cluster — Disabled (skip)
B85: =IF('Workload Planner'!C66="No","# Infra-VMs — Disabled (skip)","New-Volume -FriendlyName ""Infra-VMs"" -Size "&TEXT('Volume Detail'!E9,"0.00")&"TB -StoragePoolFriendlyName S2D* -ResiliencySettingName "&IF(OR('Volume Detail'!C9="Dual Parity"),"Parity","Mirror")&IF(OR('Volume Detail'!C9="Dual Parity"),""," -NumberOfDataCopies "&IF('Volume Detail'!C9="Three-Way Mirror","3","2"))) -> # Infra-VMs — Disabled (skip)
B86: =IF('Workload Planner'!C83="No","# DevTest-VMs — Disabled (skip)","New-Volume -FriendlyName ""DevTest-VMs"" -Size "&TEXT('Volume Detail'!E10,"0.00")&"TB -StoragePoolFriendlyName S2D* -ResiliencySettingName "&IF(OR('Volume Detail'!C10="Dual Parity"),"Parity","Mirror")&IF(OR('Volume Detail'!C10="Dual Parity"),""," -NumberOfDataCopies "&IF('Volume Detail'!C10="Three-Way Mirror","3","2"))) -> # DevTest-VMs — Disabled (skip)
B87: =IF('Workload Planner'!C99="No","# Backup-Archive — Disabled (skip)","New-Volume -FriendlyName ""Backup-Archive"" -Size "&TEXT('Volume Detail'!E11,"0.00")&"TB -StoragePoolFriendlyName S2D* -ResiliencySettingName "&IF(OR('Volume Detail'!C11="Dual Parity"),"Parity","Mirror")&IF(OR('Volume Detail'!C11="Dual Parity"),""," -NumberOfDataCopies "&IF('Volume Detail'!C11="Three-Way Mirror","3","2"))) -> # Backup-Archive — Disabled (skip)
B88: =IF('Workload Planner'!C106="No","# Custom — Disabled (skip)","New-Volume -FriendlyName ""Custom"" -Size "&TEXT('Volume Detail'!E12,"0.00")&"TB -StoragePoolFriendlyName S2D* -ResiliencySettingName "&IF(OR('Volume Detail'!C12="Dual Parity"),"Parity","Mirror")&IF(OR('Volume Detail'!C12="Dual Parity"),""," -NumberOfDataCopies "&IF('Volume Detail'!C12="Three-Way Mirror","3","2"))) -> # Custom — Disabled (skip)
B89: =IF(OR('SOFS Planner'!$C$6="No",'Volume Detail'!D13=0),"# SOFS-Node1-Vol — Disabled (skip)","New-Volume -FriendlyName ""SOFS-Node1-Vol"" -Size "&TEXT('Volume Detail'!E13,"0.00")&"TB -StoragePoolFriendlyName S2D* -ResiliencySettingName "&IF('Volume Detail'!C13="Dual Parity","Parity","Mirror")&IF('Volume Detail'!C13="Dual Parity",""," -NumberOfDataCopies "&IF('Volume Detail'!C13="Three-Way Mirror","3","2"))) -> # SOFS-Node1-Vol — Disabled (skip)
B90: =IF(OR('SOFS Planner'!$C$6="No",'Volume Detail'!D14=0),"# SOFS-Node2-Vol — Disabled (skip)","New-Volume -FriendlyName ""SOFS-Node2-Vol"" -Size "&TEXT('Volume Detail'!E14,"0.00")&"TB -StoragePoolFriendlyName S2D* -ResiliencySettingName "&IF('Volume Detail'!C14="Dual Parity","Parity","Mirror")&IF('Volume Detail'!C14="Dual Parity",""," -NumberOfDataCopies "&IF('Volume Detail'!C14="Three-Way Mirror","3","2"))) -> # SOFS-Node2-Vol — Disabled (skip)
B91: =IF(OR('SOFS Planner'!$C$6="No",'Volume Detail'!D15=0),"# SOFS-Node3-Vol — Disabled (skip)","New-Volume -FriendlyName ""SOFS-Node3-Vol"" -Size "&TEXT('Volume Detail'!E15,"0.00")&"TB -StoragePoolFriendlyName S2D* -ResiliencySettingName "&IF('Volume Detail'!C15="Dual Parity","Parity","Mirror")&IF('Volume Detail'!C15="Dual Parity",""," -NumberOfDataCopies "&IF('Volume Detail'!C15="Three-Way Mirror","3","2"))) -> # SOFS-Node3-Vol — Disabled (skip)
B92: =IF(OR('SOFS Planner'!$C$6="No",'Volume Detail'!D16=0),"# SOFS-Node4-Vol — Disabled (skip)","New-Volume -FriendlyName ""SOFS-Node4-Vol"" -Size "&TEXT('Volume Detail'!E16,"0.00")&"TB -StoragePoolFriendlyName S2D* -ResiliencySettingName "&IF('Volume Detail'!C16="Dual Parity","Parity","Mirror")&IF('Volume Detail'!C16="Dual Parity",""," -NumberOfDataCopies "&IF('Volume Detail'!C16="Three-Way Mirror","3","2"))) -> # SOFS-Node4-Vol — Disabled (skip)
B93: Run these commands in an elevated PowerShell session on any cluster node. Adjust -StoragePoolFriendlyName if your pool has a custom name. Use -ProvisioningType Thin only if you understand the risks (see Thin Provisioning tab).
B97: SECTION 5: DRIVE LAYOUT INSIGHT
B98: Your Current Configuration
B99: Drives per Node | C99: ='Drive Layout Comparison'!C7 -> 4 | D99: per node
B100: Drive Size | C100: ='Drive Layout Comparison'!C8 -> 3.84 | D100: TB
B101: Reserve | C101: ='Drive Layout Comparison'!F14 -> 10.5984 | D101: TB
B102: Available Capacity | C102: ='Drive Layout Comparison'!G14 -> 31.0452 | D102: TB
B104: Best Alternative (more drives = less reserve)
B105: Drives per Node (max shown) | C105: ='Drive Layout Comparison'!B21 -> 10 | D105: per node
B106: Drive Size (calculated) | C106: ='Drive Layout Comparison'!C21 -> 1.54 | D106: TB
B107: Reserve | C107: ='Drive Layout Comparison'!F21 -> 4.2504 | D107: TB
B108: Available Capacity | C108: ='Drive Layout Comparison'!G21 -> 37.5036 | D108: TB
B109: Additional Capacity vs Current | C109: ='Drive Layout Comparison'!H21 -> 6.4584 | D109: TB more
B110: Note: More drives per node reduces reserve but costs more and uses more physical slots. Calculated drive sizes are theoretical — actual drives come in standard sizes (1.6, 3.2, 3.84, 7.68 TB).
B112: SECTION 6: BEST PRACTICE NOTES & GUIDANCE
B113: Volume Count | C113: ="Microsoft recommends volume count as a multiple of your node count ("&'Hardware Inputs'!C8&") for balanced data distribution across nodes." -> Microsoft recommends volume count as a multiple of your node count (3) for balanced data distribution across nodes.
C114: ="Your current volume count: "&'Workload Planner'!C126&" volumes across "&'Hardware Inputs'!C8&" nodes. "&IF(MOD('Workload Planner'!C126,'Hardware Inputs'!C8)=0,"✓ Multiple of node count.","Consider adjusting for balance.") -> Your current volume count: 0 volumes across 3 nodes. ✓ Multiple of node count.
B115: Rebuild Headroom | C115: ="Keep pool utilization below 70% to ensure enough free space for automatic drive failure repair. Current: "&TEXT('Workload Planner'!C129,"0.0%")&"." -> Keep pool utilization below 70% to ensure enough free space for automatic drive failure repair. Current: 0.0%.
C116: =IF('Workload Planner'!C129>0.7,"⚠ Above 70% — limited rebuild headroom. Consider adding drives or reducing workloads.","✓ Healthy headroom for drive failure repair.") -> ✓ Healthy headroom for drive failure repair.
B117: Provisioning | C117: ="Default provisioning: "&'Hardware Inputs'!C13&". Fixed (thick) is STRONGLY recommended for production. Thin risks pool exhaustion — see Thin Provisioning tab." -> Default provisioning: Fixed (Thick). Fixed (thick) is STRONGLY recommended for production. Thin risks pool exhaustion — see Thin Provisioning tab.
C118: =IF('Hardware Inputs'!C13="Fixed (Thick)","✓ Using recommended Fixed provisioning.","⚠ Thin provisioning detected — monitor pool usage closely. Set WAC alert at 60%.") -> ✓ Using recommended Fixed provisioning.
B119: N+1 Compute | C119: ="Size VM workloads to fit on "&'Hardware Inputs'!C8-1&" of "&'Hardware Inputs'!C8&" nodes. If 1 node goes down, VMs must failover. This is CPU/RAM planning, separate from storage." -> Size VM workloads to fit on 2 of 3 nodes. If 1 node goes down, VMs must failover. This is CPU/RAM planning, separate from storage.
C120: ="Plan for "&'Hardware Inputs'!C8-1&"-node compute capacity even though storage spans all "&'Hardware Inputs'!C8&" nodes." -> Plan for 2-node compute capacity even though storage spans all 3 nodes.
B121: Volume Size Limit | C121: ="Maximum single volume size: 64 TB. Current largest volume: "&TEXT(MAX('Workload Planner'!C14,'Workload Planner'!C23,'Workload Planner'!C54,'Workload Planner'!C70,'Workload Planner'!C87,'Workload Planner'!C102,'Workload Planner'!C109),"0.00")&" TB." -> Maximum single volume size: 64 TB. Current largest volume: 0.00 TB.
C122: =IF(MAX('Workload Planner'!C14,'Workload Planner'!C23,'Workload Planner'!C54,'Workload Planner'!C70,'Workload Planner'!C87,'Workload Planner'!C102,'Workload Planner'!C109)>64,"⚠ WARNING: A volume exceeds 64 TB! Split into smaller volumes.","✓ All volumes within 64 TB limit.") -> ✓ All volumes within 64 TB limit.
B124: SECTION 7: COMPUTE CAPACITY ANALYSIS
B125: Cluster Hardware
B126: Physical cores per node | C126: ='Hardware Inputs'!C29 -> 32 | D126: cores
...

Sheet Drive Layout Comparison
B2: DRIVE LAYOUT COMPARISON
B3: Same total raw capacity — different drive counts. See how reserve and available capacity change.
B5: YOUR CURRENT CONFIGURATION
B6: Cluster Nodes | C6: ='Hardware Inputs'!C8 -> 3 | D6: nodes
B7: Capacity Drives per Node | C7: ='Hardware Inputs'!C10 -> 4 | D7: drives
B8: Drive Size (Advertised) | C8: ='Hardware Inputs'!C11 -> 3.84 | D8: TB
B9: Total Raw Capacity | C9: ='Hardware Inputs'!C18 -> 46.08 | D9: TB | E9: This stays constant across all alternatives.
B10: Capacity Efficiency Factor | C10: ='Advanced Settings'!C8 -> 0.92 | E10: From Advanced Settings tab.
B12: ALTERNATIVE DRIVE LAYOUTS
B13: Drives per Node | C13: Drive Size (TB) | D13: Total Drives | E13: Usable per Drive (TB) | F13: Reserve (TB) | G13: Available Capacity (TB) | H13: vs Current
B14: =C7 -> 4 | C14: =C8 -> 3.84 | D14: =B14*C6 -> 12 | E14: =C14*C10 -> 3.5328 | F14: =MIN(C6,4)*E14 -> 10.5984 | G14: =(D14*E14)-(F14)-'Advanced Settings'!C14 -> 31.0452 | H14: ← Current
B15: 4 | C15: =ROUND($C$9/(B15*$C$6),2) -> 3.84 | D15: =B15*$C$6 -> 12 | E15: =C15*$C$10 -> 3.5328 | F15: =MIN($C$6,4)*E15 -> 10.5984 | G15: =(D15*E15)-(F15)-'Advanced Settings'!$C$14 -> 31.0452 | H15: =G15-$G$14 -> 0
B16: 5 | C16: =ROUND($C$9/(B16*$C$6),2) -> 3.07 | D16: =B16*$C$6 -> 15 | E16: =C16*$C$10 -> 2.8244 | F16: =MIN($C$6,4)*E16 -> 8.4732 | G16: =(D16*E16)-(F16)-'Advanced Settings'!$C$14 -> 33.1428 | H16: =G16-$G$14 -> 2.0976
B17: 6 | C17: =ROUND($C$9/(B17*$C$6),2) -> 2.56 | D17: =B17*$C$6 -> 18 | E17: =C17*$C$10 -> 2.3552 | F17: =MIN($C$6,4)*E17 -> 7.0656 | G17: =(D17*E17)-(F17)-'Advanced Settings'!$C$14 -> 34.578 | H17: =G17-$G$14 -> 3.5328
B18: 7 | C18: =ROUND($C$9/(B18*$C$6),2) -> 2.19 | D18: =B18*$C$6 -> 21 | E18: =C18*$C$10 -> 2.0148 | F18: =MIN($C$6,4)*E18 -> 6.0444 | G18: =(D18*E18)-(F18)-'Advanced Settings'!$C$14 -> 35.5164 | H18: =G18-$G$14 -> 4.4712
B19: 8 | C19: =ROUND($C$9/(B19*$C$6),2) -> 1.92 | D19: =B19*$C$6 -> 24 | E19: =C19*$C$10 -> 1.7664 | F19: =MIN($C$6,4)*E19 -> 5.2992 | G19: =(D19*E19)-(F19)-'Advanced Settings'!$C$14 -> 36.3444 | H19: =G19-$G$14 -> 5.2992
B20: 9 | C20: =ROUND($C$9/(B20*$C$6),2) -> 1.71 | D20: =B20*$C$6 -> 27 | E20: =C20*$C$10 -> 1.5732 | F20: =MIN($C$6,4)*E20 -> 4.7196 | G20: =(D20*E20)-(F20)-'Advanced Settings'!$C$14 -> 37.0068 | H20: =G20-$G$14 -> 5.9616
B21: 10 | C21: =ROUND($C$9/(B21*$C$6),2) -> 1.54 | D21: =B21*$C$6 -> 30 | E21: =C21*$C$10 -> 1.4168 | F21: =MIN($C$6,4)*E21 -> 4.2504 | G21: =(D21*E21)-(F21)-'Advanced Settings'!$C$14 -> 37.5036 | H21: =G21-$G$14 -> 6.4584
B23: KEY INSIGHT
B24: More drives per node = smaller drive size = smaller reserve. The reserve is always 1 drive per node (max 4), so smaller drives mean less capacity "locked up" for repair. The trade-off: more drives cost more and use more slots.
B25: Note: All alternatives maintain the same total raw capacity. Drive sizes shown are calculated (raw ÷ total drives) — actual drives must be purchased in available sizes (e.g., 1.6, 3.2, 3.84, 7.68 TB).

Sheet Thin Provisioning
B2: THIN PROVISIONING — RISKS & GUIDANCE
B4: DEFAULT: USE FIXED (THICK)
B5: Fixed allocates full footprint at creation. Guarantees capacity. STRONGLY recommended for production.
B7: WHEN THIN IS ACCEPTABLE
B8: Dev/Test | C8: Outages tolerable.
B9: FSLogix | C9: Slow growth. Monitor.
B10: Archive | C10: Infrequent access.
B11: Prototyping | C11: Right-size later.
B13: RISKS
B14: Pool Exhaustion | C14: Pool full = volumes OFFLINE = VMs crash. HARD STOP.
B15: Silent Overcommit | C15: Logical can exceed physical. No hard block.
B16: Growth Spikes | C16: Updates, snapshots consume GBs with no warning.
B17: No Reclaim | C17: Stretched clusters: TRIM disabled. Volumes only grow.
B18: Double-Thin | C18: Thin S2D + thin VHDX = two overcommit layers.
B19: Rebuild Blocked | C19: No pool space = rebuild fails = data at risk.
B21: MONITORING
B22: WAC Alerts | C22: Set threshold to 60% for thin pools.
B23: PS: Pool | C23: Get-StoragePool S2D* | Select Size, AllocatedSize
B24: PS: Volumes | C24: Get-VirtualDisk | Select Size, FootprintOnPool
B25: Azure Monitor | C25: Log Analytics for pool free space trending.
B26: Commit Ratio | C26: Logical/Physical. Alert 0.8, escalate 1.0.
B28: CHECKLIST
B29: 1. | C29: Never double-thin (S2D + VHDX).
B30: 2. | C30: WAC alert at 60% for thin.
B31: 3. | C31: Pool below 70% always.
B32: 4. | C32: Weekly: Get-StoragePool reports.
B33: 5. | C33: Azure Monitor for alerting.
B34: 6. | C34: Capacity response plan documented.
B35: 7. | C35: Quarterly: simulate drive failure.
B36: 8. | C36: Production = FIXED. Thin = dev/test only.
B37: 9. | C37: Commit ratio: alert 0.8, escalate 1.0.

Sheet References
B2: MICROSOFT REFERENCES
B3: Topic | C3: URL
B4: Plan Volumes | C4: https://learn.microsoft.com/en-us/windows-server/storage/storage-spaces/plan-volumes
B5: Fault Tolerance | C5: https://learn.microsoft.com/en-us/windows-server/storage/storage-spaces/fault-tolerance
B6: S2D Overview | C6: https://learn.microsoft.com/en-us/windows-server/storage/storage-spaces/storage-spaces-direct-overview
B7: Hardware Reqs | C7: https://learn.microsoft.com/en-us/windows-server/storage/storage-spaces/storage-spaces-direct-hardware-requirements
B8: Cache | C8: https://learn.microsoft.com/en-us/windows-server/storage/storage-spaces/cache
B9: Nested Resiliency | C9: https://learn.microsoft.com/en-us/windows-server/storage/storage-spaces/nested-resiliency
B10: Thin Provisioning | C10: https://learn.microsoft.com/en-us/azure-stack/hci/manage/thin-provisioning
B11: Azure Local Baseline | C11: https://learn.microsoft.com/en-us/azure/architecture/hybrid/azure-local-baseline
B12: Azure Local Deploy | C12: https://learn.microsoft.com/en-us/azure/azure-local/deploy/deploy-via-portal
B13: Well-Architected | C13: https://learn.microsoft.com/en-us/azure/well-architected/service-guides/azure-local
B14: AVD Sizing | C14: https://learn.microsoft.com/en-us/azure/virtual-desktop/prerequisites
... B20: FSLogix Configuration | C20: https://learn.microsoft.com/en-us/fslogix/concepts-configuration-examples

Sheet Advanced Settings
B2: ADVANCED SETTINGS
B4: DRIVE CAPACITY EFFICIENCY FACTOR
B5: Manufacturers label drives in decimal TB (1 TB = 1,000,000,000,000 bytes). Windows reports in binary TiB (1 TiB = 1,099,511,627,776 bytes). A 7.68 TB drive shows as ~6.98 TiB. Plus NVMe reserves 1-3% for wear leveling. Combined: ~8% reduction.
B7: Example: 7.68 TB at 92%: | C7: =7.68*C8 -> 7.0656 | D7: TB usable | E7: What S2D pool reports per drive.
B8: Capacity Efficiency Factor | C8: 0.92 | D8: Default: 92% | E8: Only change if vendor provides specific formatted capacity.
B10: INFRASTRUCTURE VOLUME
B11: Azure Local creates an infrastructure volume during deployment (~250 GB) for system metadata. This uses the same resiliency as workload volumes, so its footprint is larger.
B13: Infrastructure Volume Logical Size | C13: 0.25 | D13: TB (~250 GB) | E13: Size of the infrastructure volume.
B14: Infrastructure Volume Footprint | C14: =ROUND(C13/IF('Hardware Inputs'!C8>=3,1/3,IF('Hardware Inputs'!C8=2,0.5,1)),2) -> 0.75 | D14: TB in pool | E14: Three-way mirror (3+ nodes) or two-way mirror (2 nodes).
B16: TB vs TiB CONVERSION TABLE
B17: Windows Admin Center, PowerShell, and Disk Management show TiB (binary). This calculator uses TB (decimal). Use this table to cross-check.
B18: 1 TB (decimal) = | C18: =ROUND(1*(1000/1024)^3,2) -> 0.93 | D18: TiB (binary) | E18: What Windows will show.
B19: 5 TB (decimal) = | C19: =ROUND(5*(1000/1024)^3,2) -> 4.66 | D19: TiB (binary) | E19: What Windows will show.
B20: 10 TB (decimal) = | C20: =ROUND(10*(1000/1024)^3,2) -> 9.31 | D20: TiB (binary) | E20: What Windows will show.
B21: 25 TB (decimal) = | C21: =ROUND(25*(1000/1024)^3,2) -> 23.28 | D21: TiB (binary) | E21: What Windows will show.
B22: 50 TB (decimal) = | C22: =ROUND(50*(1000/1024)^3,2) -> 46.57 | D22: TiB (binary) | E22: What Windows will show.
B23: 100 TB (decimal) = | C23: =ROUND(100*(1000/1024)^3,2) -> 93.13 | D23: TiB (binary) | E23: What Windows will show.
B25: CELL PROTECTION OVERRIDES
B26: ⚠️ All formula cells on input tabs are PERMANENTLY LOCKED. If you need to override a calculated value, enter it below. The override value feeds into the system in place of the formula.
B28: HOW TO USE: Enter an override value in column D. Leave blank to use the normal formula. The "Active Value" column shows what the system is currently using. | E28: ⚠️ You accept all risk when unlocking.
B30: HARDWARE INPUTS — Calculated Fields | C30: Current Value | D30: Override (leave blank = use formula) | E30: Active Value
B31: Total Capacity Drives | C31: ='Hardware Inputs'!C16 -> 12 | E31: =IF(D31<>"",D31,C31) -> 12
B32: Total Raw Capacity (TB) | C32: ='Hardware Inputs'!C18 -> 46.08 | E32: =IF(D32<>"",D32,C32) -> 46.08
B33: Total Usable Pool Before Reserve (TB) | C33: ='Hardware Inputs'!C20 -> 42.3936 | E33: =IF(D33<>"",D33,C33) -> 42.3936
B34: Reserve (TB) | C34: ='Hardware Inputs'!C21 -> 10.5984 | E34: =IF(D34<>"",D34,C34) -> 10.5984
B35: Available Capacity for Volumes (TB) | C35: ='Hardware Inputs'!C24 -> 31.0452 | E35: =IF(D35<>"",D35,C35) -> 31.0452
B36: Total Cluster vCPU (all nodes) | C36: ='Hardware Inputs'!C37 -> 192 | E36: =IF(D36<>"",D36,C36) -> 192
B37: Total Cluster Usable RAM (GB) | C37: ='Hardware Inputs'!C38 -> 672 | E37: =IF(D37<>"",D37,C37) -> 672
B38: N+1 Available vCPU | C38: ='Hardware Inputs'!C39 -> 128 | E38: =IF(D38<>"",D38,C38) -> 128
B39: N+1 Available RAM (GB) | C39: ='Hardware Inputs'!C40 -> 448 | E39: =IF(D39<>"",D39,C39) -> 448
B41: AVD PLANNING — Calculated Fields | C41: Current Value | D41: Override | E41: Active Value
B42: Session host volume logical (TB) | C42: ='AVD Planning'!C13 -> 0 | E42: =IF(D42<>"",D42,C42) -> 0
B43: Session host footprint in pool (TB) | C43: ='AVD Planning'!C14 -> 0 | E43: =IF(D43<>"",D43,C43) -> 0
B44: Profile volume logical (TB) | C44: ='AVD Planning'!C23 -> 0 | E44: =IF(D44<>"",D44,C44) -> 0
B45: Profile footprint in pool (TB) | C45: ='AVD Planning'!C24 -> 0 | E45: =IF(D45<>"",D45,C45) -> 0
B46: AVD total storage footprint (TB) | C46: ='AVD Planning'!C25 -> 0 | E46: =IF(D46<>"",D46,C46) -> 0
B47: Users per session host (max) | C47: ='AVD Planning'!C33 -> 0 | E47: =IF(D47<>"",D47,C47) -> 0
B48: Session hosts needed | C48: ='AVD Planning'!C34 -> 0 | E48: =IF(D48<>"",D48,C48) -> 0
B49: Total AVD vCPU demand | C49: ='AVD Planning'!C36 -> 0 | E49: =IF(D49<>"",D49,C49) -> 0
B50: Total AVD RAM demand (GB) | C50: ='AVD Planning'!C37 -> 0 | E50: =IF(D50<>"",D50,C50) -> 0
B51: Effective vCPU (with overcommit) | C51: ='AVD Planning'!C38 -> 0 | E51: =IF(D51<>"",D51,C51) -> 0
B53: WORKLOAD PLANNER — Scenario Footprints | C53: Current Value | D53: Override | E53: Active Value
B54: S1: AVD total footprint (TB) | C54: ='Workload Planner'!C25 -> 0 | E54: =IF(D54<>"",D54,C54) -> 0
B55: S2: AKS total footprint (TB) | C55: ='Workload Planner'!C55 -> 0 | E55: =IF(D55<>"",D55,C55) -> 0
B56: S3: Infra total footprint (TB) | C56: ='Workload Planner'!C71 -> 0 | E56: =IF(D56<>"",D56,C56) -> 0
B57: S4: Dev/Test total footprint (TB) | C57: ='Workload Planner'!C88 -> 0 | E57: =IF(D57<>"",D57,C57) -> 0
B58: S5: Backup/Archive total footprint (TB) | C58: ='Workload Planner'!C103 -> 0 | E58: =IF(D58<>"",D58,C58) -> 0
B59: S6: Custom total footprint (TB) | C59: ='Workload Planner'!C110 -> 0 | E59: =IF(D59<>"",D59,C59) -> 0
B60: SOFS VM volumes footprint (TB) | C60: ='Workload Planner'!C123 -> 0 | E60: =IF(D60<>"",D60,C60) -> 0
B61: Total physical footprint (TB) | C61: ='Workload Planner'!C124 -> 0 | E61: =IF(D61<>"",D61,C61) -> 0
B62: Remaining pool capacity (TB) | C62: ='Workload Planner'!C128 -> 31.0452 | E62: =IF(D62<>"",D62,C62) -> 31.0452
B63: Pool utilization (%) | C63: ='Workload Planner'!C129 -> 0 | E63: =IF(D63<>"",D63,C63) -> 0
B65: SOFS PLANNER — Calculated Fields | C65: Current Value | D65: Override | E65: Active Value
B66: Drive capacity auto-calc (TB) | C66: ='SOFS Planner'!C11 -> 0 | E66: =IF(D66<>"",D66,C66) -> 0
B67: Total raw capacity (TB) | C67: ='SOFS Planner'!C18 -> 0 | E67: =IF(D67<>"",D67,C67) -> 0
B68: Usable capacity (TB) | C68: ='SOFS Planner'!C20 -> 0 | E68: =IF(D68<>"",D68,C68) -> 0
B69: Available for volumes (TB) | C69: ='SOFS Planner'!C22 -> 0 | E69: =IF(D69<>"",D69,C69) -> 0
B70: Profile logical demand (TB) | C70: ='SOFS Planner'!C29 -> 0 | E70: =IF(D70<>"",D70,C70) -> 0
B71: Profile footprint on SOFS (TB) | C71: ='SOFS Planner'!C30 -> 0 | E71: =IF(D71<>"",D71,C71) -> 0
B72: Steady-state total IOPS | C72: ='SOFS Planner'!C39 -> 0 | E72: =IF(D72<>"",D72,C72) -> 0
B73: Peak storm IOPS | C73: ='SOFS Planner'!C40 -> 0 | E73: =IF(D73<>"",D73,C73) -> 0

Sheet To Do
B2: TO DO — REMAINING TASKS
B4: # | C4: Task Description | D4: Status | E4: DONE | F4: Linked To / Dependencies
B5: 1
B6: 2
B7: 3
B8: 4
B9: 5
B10: 6
B11: 7
B12: 8
B13: 9
B14: 10
B15: 11
B16: 12
... B20: 16
B22: QUESTIONS & ANSWERS LOG
B24: # | C24: Question | D24: Answer
B25: 1
B26: 2
B27: 3
B28: 4
B29: 5
B30: 6
